cliente_id,pedidos_mes,ticket_mclp,recencia_dias,margen_pct,devoluciones_pct,variabilidad_pedidos,canal,contrato,region
CL0001,4.8842,0.3027,38.4386,25.9126,1.0212,0.0300,Digital,0,Centro
CL0002,13.4074,0.6725,27.0797,22.0706,4.9000,0.1494,Ejecutivo,1,Sur
CL0003,4.2451,0.3024,10.8632,26.4020,0.3218,0.4855,Mixto,1,Sur
CL0004,18.1769,0.3121,22.0474,22.0607,9.5123,0.3433,Ejecutivo,1,Norte
CL0005,6.1400,0.0740,39.2709,16.2802,2.2992,0.3974,Mixto,0,Centro
CL0006,17.2098,0.6269,12.8624,21.9642,5.1336,0.3323,Ejecutivo,0,Centro
CL0007,27.4284,2.7511,44.6416,NA,12.0548,0.5110,Mixto,1,Sur
CL0008,5.6174,0.0828,28.4725,6.0804,1.2787,0.3007,Digital,1,Sur
CL0009,18.4516,1.0505,12.1141,27.0390,4.5495,0.4942,Ejecutivo,1,Norte
CL0010,13.0215,0.3579,30.9289,30.6719,1.2862,0.0785,Digital,0,Sur
CL0011,19.4563,1.5926,21.5292,14.6275,2.6448,0.3015,Digital,1,Norte
CL0012,3.9220,0.4070,5.3776,21.2219,1.5783,0.3274,Mixto,0,Sur
CL0013,14.2026,0.5365,5.8560,25.0506,5.4305,0.2556,Ejecutivo,1,Centro
CL0014,20.5784,2.3562,17.0164,34.2004,7.8383,0.0680,Digital,1,Sur
CL0015,18.8461,6.7076,5.6842,12.9846,3.9507,0.3917,Mixto,1,Norte
CL0016,25.6441,2.3282,20.1181,8.2260,5.0546,0.3044,Ejecutivo,1,Sur
CL0017,14.7506,0.9681,1.0000,30.1352,6.2184,0.1216,Ejecutivo,1,Norte
CL0018,6.1461,0.6443,12.3746,22.1844,5.5679,0.0300,Ejecutivo,1,Sur
CL0019,12.4042,0.6490,1.9286,26.3303,5.7220,0.1352,Digital,0,Centro
CL0020,12.6249,2.0842,33.3305,30.0865,2.0541,0.2732,Ejecutivo,1,Norte
CL0021,19.8351,4.5320,34.1072,45.0258,11.5689,0.0589,Mixto,0,Sur
CL0022,19.1516,2.2471,17.0728,29.7499,5.7433,0.2174,Ejecutivo,1,Sur
CL0023,7.5651,0.2064,42.9768,3.0569,0.3880,0.2056,Digital,1,Centro
CL0024,4.4222,0.3115,20.0525,21.7879,1.6181,0.5016,Digital,1,Norte
CL0025,14.9625,0.8684,17.5476,28.0966,2.8815,0.4350,Mixto,1,Norte
CL0026,7.4545,1.0489,15.1273,33.0521,6.6845,0.2664,Ejecutivo,1,Centro
CL0027,23.9986,0.9188,1.0000,25.7037,4.9374,0.1628,Ejecutivo,1,Norte
CL0028,18.0841,2.5581,5.9807,31.0041,5.7457,0.4106,Mixto,1,Norte
CL0029,4.5834,0.4690,55.3664,17.5713,2.2444,0.3542,Digital,0,Centro
CL0030,22.9152,1.5792,1.0000,27.8928,0.3939,0.3576,Mixto,1,Sur
CL0031,4.3354,0.2267,50.6946,26.4959,1.3987,0.3294,Ejecutivo,1,Sur
CL0032,15.4854,1.4301,8.9838,32.1135,6.7644,0.4103,Mixto,0,Norte
CL0033,16.0375,6.0929,14.6618,32.4324,8.0388,0.0918,Digital,1,Norte
CL0034,6.5564,0.6701,23.7587,29.6950,3.8869,0.5294,Digital,1,Norte
CL0035,4.3478,0.4887,26.4408,18.1968,0.0000,0.0592,Digital,1,Sur
CL0036,6.1362,0.4814,33.5100,31.3070,6.4167,0.0300,Mixto,1,Sur
CL0037,1.0000,0.2183,54.1989,19.0878,3.1003,0.3904,Digital,1,Centro
CL0038,6.3059,0.1784,27.5211,19.2005,0.0000,0.3032,Mixto,0,Centro
CL0039,9.2155,1.0607,36.4215,17.5284,5.9171,0.0300,Ejecutivo,1,Centro
CL0040,25.1249,0.9328,28.3490,23.4862,1.7407,0.2795,Ejecutivo,1,Norte
CL0041,1.0003,0.3267,34.0337,29.9718,0.0000,0.1478,Digital,1,Norte
CL0042,13.6502,1.4223,15.5325,19.5326,7.2279,0.2445,Mixto,0,Norte
CL0043,3.4439,0.1641,45.7264,17.6988,0.7788,0.4544,Digital,0,Norte
CL0044,22.3218,2.2563,11.7495,23.0702,0.8628,0.0831,Mixto,0,Centro
CL0045,24.2733,1.8488,10.1061,21.4165,0.0000,0.0300,Digital,1,Centro
CL0046,5.6904,0.3638,46.7159,17.3041,3.9679,0.4063,Mixto,0,Centro
CL0047,7.9722,0.5405,17.1048,29.9802,3.5475,0.2616,Ejecutivo,0,Sur
CL0048,10.0323,0.7469,34.3744,17.7213,10.0120,0.3916,Digital,0,Centro
CL0049,8.1649,0.9082,25.9660,32.2499,8.9488,0.5070,Mixto,0,Sur
CL0050,14.9675,0.4978,6.9194,21.1581,7.5211,0.3407,Ejecutivo,1,Centro
CL0051,8.4664,3.1385,26.9012,37.4486,5.6537,0.6006,Digital,1,Norte
CL0052,2.9486,0.1197,32.7534,22.3120,0.6995,0.0875,Digital,1,Norte
CL0053,10.9262,0.7140,3.6993,22.2343,7.0335,0.2762,Digital,0,Norte
CL0054,14.3173,4.2480,18.0259,37.7101,9.9013,0.3277,Ejecutivo,1,Norte
CL0055,15.5502,2.0089,41.2122,43.1972,6.6366,0.4815,Digital,1,Centro
CL0056,18.4208,0.8658,12.6852,27.0733,7.3614,0.1685,Digital,1,Norte
CL0057,23.4740,1.6872,6.6431,10.4844,5.7068,0.3555,Ejecutivo,0,Sur
CL0058,7.8315,1.2623,16.9013,21.9033,6.7925,0.3503,Digital,0,Sur
CL0059,5.3070,0.4330,26.0396,22.8273,3.0042,0.6804,Mixto,0,Norte
CL0060,9.8612,1.1038,25.9634,21.3537,0.0000,0.3455,Mixto,0,Sur
CL0061,24.4974,2.5700,45.9250,34.3744,13.0000,0.2034,Digital,1,Sur
CL0062,6.3390,0.0778,36.1092,26.3376,1.4323,0.5183,Digital,1,Norte
CL0063,17.0717,3.0454,10.6682,28.2736,10.2707,0.0996,Digital,0,Sur
CL0064,26.9211,1.2933,37.4002,17.5212,4.2997,0.3906,Digital,1,Sur
CL0065,3.6240,0.2471,33.6544,12.6372,3.5771,0.0501,Digital,1,Sur
CL0066,6.1199,0.4152,42.2212,15.9282,1.9230,0.3087,Mixto,0,Centro
CL0067,17.4292,1.7705,5.8540,12.6557,2.5555,0.4055,Digital,1,Norte
CL0068,13.9634,2.6091,44.5713,22.0944,6.9930,0.4814,Mixto,1,Norte
CL0069,22.1268,2.0115,24.7442,26.8369,7.8723,0.4141,Mixto,1,Sur
CL0070,5.7967,0.2462,24.3943,13.2104,1.3395,0.2417,Mixto,1,Centro
CL0071,13.4252,0.8203,6.2511,26.5725,4.5958,0.4165,Digital,0,Centro
CL0072,9.2537,0.0588,43.7940,18.1890,1.5601,0.3529,Ejecutivo,1,Norte
CL0073,2.9832,0.2040,24.9826,14.0337,1.0183,0.2910,Mixto,0,Norte
CL0074,3.3833,0.2323,36.7978,6.9369,1.4170,0.4729,Digital,1,Centro
CL0075,3.7941,0.1218,31.6728,27.8468,1.7666,0.2436,Digital,1,Norte
CL0076,32.3050,1.8413,1.0000,13.9374,1.3590,0.4150,Digital,1,Norte
CL0077,9.3725,0.9452,43.4378,37.4696,6.6401,0.5511,Digital,1,Norte
CL0078,2.7505,0.2584,27.7600,23.2406,0.9198,0.0630,Ejecutivo,0,Norte
CL0079,2.0898,0.2130,12.2405,25.5975,0.0000,0.1899,Ejecutivo,1,Norte
CL0080,5.4758,1.0791,15.9608,28.1225,7.6531,0.4645,Digital,0,Norte
CL0081,14.3190,0.0479,45.0857,40.0437,2.7709,0.0962,Digital,1,Centro
CL0082,19.9636,1.3772,16.8328,16.8769,0.7986,0.3334,Mixto,0,Sur
CL0083,13.3914,1.3950,29.2697,26.0846,9.2059,0.3510,Mixto,0,Norte
CL0084,17.3313,0.0485,23.6279,19.9576,3.5112,0.4898,Mixto,1,Centro
CL0085,19.5934,1.4157,1.0000,26.5350,0.0000,0.2668,Mixto,1,Sur
CL0086,2.1095,0.2920,9.9065,8.9969,5.0419,0.4150,Mixto,0,Norte
CL0087,2.1358,0.3256,3.0837,15.2784,2.0985,0.2538,Digital,1,Sur
CL0088,11.6758,2.9884,28.0528,35.5606,9.6283,0.3780,Digital,1,Norte
CL0089,21.8501,0.1317,11.8667,14.8101,2.0594,0.4740,Digital,1,Centro
CL0090,35.2944,9.0970,1.0000,32.8231,5.7971,0.1418,Mixto,1,Sur
CL0091,15.1477,0.7536,8.9762,15.5505,1.0285,0.3012,Digital,0,Norte
CL0092,21.6507,1.0130,10.1942,14.9846,2.6286,0.2147,Digital,0,Norte
CL0093,6.2364,0.2853,38.5347,4.9042,2.5677,0.2498,Mixto,1,Sur
CL0094,3.6223,0.1744,35.3380,17.7353,2.7014,0.3047,Mixto,1,Norte
CL0095,31.1642,3.6374,13.8342,37.5358,7.7917,0.3619,Ejecutivo,0,Sur
CL0096,3.4396,0.3587,33.9806,13.2954,1.1439,0.4392,Digital,1,Centro
CL0097,1.0572,0.1981,21.3415,18.1331,2.9540,0.3656,Digital,0,Norte
CL0098,2.9519,0.9131,35.8329,9.5260,4.6232,0.5185,Mixto,1,Norte
CL0099,9.3178,0.5723,12.8360,16.5404,7.3425,0.4642,Digital,0,Centro
CL0100,19.6210,1.5192,7.1656,19.6053,5.0834,0.3015,Digital,1,Norte
CL0101,30.4022,2.0068,1.0000,10.7056,3.2782,0.3626,Mixto,0,Norte
CL0102,14.7525,0.7636,21.3301,30.0829,8.3928,0.0973,Mixto,1,Centro
CL0103,37.9721,3.3603,42.8469,34.5334,10.7574,0.4409,Ejecutivo,0,Centro
CL0104,21.2183,0.6570,1.0000,24.0279,7.8728,0.2014,Digital,0,Norte
CL0105,10.2317,0.3951,1.0000,16.3064,6.4327,0.2261,Mixto,1,Sur
CL0106,11.0919,0.7844,21.5624,24.4073,9.0910,0.2907,Ejecutivo,1,Centro
CL0107,33.8809,1.6956,1.0000,15.5971,3.7269,0.2142,Mixto,0,Sur
CL0108,3.5395,0.3762,32.6987,26.0532,0.0000,0.3478,Digital,0,Norte
CL0109,15.0273,1.4478,27.7397,32.0561,9.2024,0.3723,Digital,0,Sur
CL0110,16.9568,3.0752,21.8865,42.6680,9.3315,0.3238,Ejecutivo,0,Norte
CL0111,8.3548,0.6603,17.0791,32.0098,3.9547,0.4162,Mixto,0,Sur
CL0112,3.8935,0.2102,62.8126,17.5519,1.6800,0.3841,Digital,0,Centro
CL0113,5.3315,0.2526,39.7585,18.9503,2.8559,0.3673,Mixto,0,Centro
CL0114,17.5781,1.6942,5.1921,21.0261,3.9256,0.3715,Digital,0,Norte
CL0115,11.6063,0.8603,13.2481,32.1286,8.4478,0.2257,Digital,0,Centro
CL0116,14.7446,0.9873,6.4372,17.3828,5.4686,0.1985,Ejecutivo,0,Centro
CL0117,5.1781,0.3193,27.4915,16.2353,2.1224,0.5109,Digital,0,Centro
CL0118,5.7555,0.3042,57.4989,29.3644,0.0000,0.5550,Mixto,1,Centro
CL0119,6.2150,0.1942,48.7857,3.0000,0.0000,0.3559,Digital,1,Centro
CL0120,7.9873,0.2523,50.9098,30.8100,0.0000,0.4786,Digital,1,Norte
CL0121,3.9800,3.3769,23.1056,26.6662,10.1854,0.2733,Mixto,1,Centro
CL0122,4.7108,0.1336,62.4107,23.4534,2.9548,0.2745,Digital,1,Norte
CL0123,12.9053,0.6691,33.0260,30.9888,3.3601,0.6659,Mixto,0,Norte
CL0124,20.4530,1.8924,24.0249,23.7329,3.8342,0.1134,Digital,0,Centro
CL0125,17.7687,1.5096,19.7860,43.6591,8.7876,0.2570,Ejecutivo,1,Sur
CL0126,13.6382,1.9163,9.4151,17.0121,1.6606,0.1407,Ejecutivo,0,Centro
CL0127,4.3339,0.3664,1.5871,22.0673,0.4876,0.3296,Digital,0,Norte
CL0128,10.4754,0.5585,20.1565,28.5830,5.5910,0.2320,Mixto,1,Sur
CL0129,29.2632,1.6992,5.1590,21.7714,5.0671,0.4113,Ejecutivo,0,Sur
CL0130,11.2429,3.2670,30.6880,36.6510,8.5963,0.2971,Mixto,1,Centro
CL0131,28.1740,1.0973,1.0000,10.8429,2.3957,0.3411,Digital,1,Sur
CL0132,4.1999,0.2607,28.6155,26.0521,6.7772,0.4228,Digital,0,Norte
CL0133,36.2436,2.1496,1.0000,20.8693,0.5918,0.2209,Mixto,0,Norte
CL0134,8.1114,2.6857,1.0000,40.1465,7.7548,0.5264,Ejecutivo,1,Sur
CL0135,8.6606,0.0477,44.0134,15.0936,5.0094,0.4417,Digital,0,Centro
CL0136,17.0798,3.3278,7.8543,47.0955,9.5490,0.1406,Mixto,1,Centro
CL0137,26.5910,1.2085,1.0000,29.4953,2.5311,0.5004,Mixto,1,Sur
CL0138,22.9036,1.8582,1.0000,17.4974,3.6827,0.2205,Digital,0,Norte
CL0139,18.9026,0.6026,40.9132,31.7989,8.5964,0.2399,Ejecutivo,1,Norte
CL0140,21.4127,1.8675,7.9259,13.4083,6.4073,0.1195,Mixto,1,Sur
CL0141,11.6049,1.1296,3.0799,28.7693,5.0007,0.1011,Ejecutivo,1,Sur
CL0142,9.9346,4.4951,16.5211,28.5704,12.4234,0.3844,Mixto,1,Norte
CL0143,6.8646,0.2583,20.0114,20.6030,2.7690,0.1055,Ejecutivo,0,Norte
CL0144,15.5375,0.9467,13.7401,34.7001,5.6249,0.4538,Mixto,0,Sur
CL0145,21.8810,3.5724,48.1622,35.0429,8.9284,0.4928,Mixto,1,Sur
CL0146,9.8165,1.7765,29.2264,45.2740,5.5055,0.5332,Ejecutivo,1,Centro
CL0147,18.7296,0.6598,12.5234,13.8575,4.3440,0.2516,Digital,0,Centro
CL0148,1.8548,0.2325,45.7908,13.9170,1.5515,0.1665,Digital,0,Sur
CL0149,14.5423,1.8054,2.0746,24.2493,2.6718,0.3556,Mixto,0,Centro
CL0150,8.0558,0.4120,18.2780,23.7450,3.2505,0.4005,Digital,0,Centro
CL0151,17.6672,2.8009,21.4906,38.8007,7.5294,0.2564,Mixto,0,Norte
CL0152,7.4842,0.2455,41.5088,24.3971,4.3880,0.0300,Digital,0,Centro
CL0153,1.2966,1.0801,6.6991,22.9772,6.6349,0.2686,Ejecutivo,0,Centro
CL0154,6.1199,0.2937,23.3762,19.9370,0.1608,0.2467,Ejecutivo,1,Centro
CL0155,17.1804,0.5775,1.0000,31.5049,7.6522,0.1785,Digital,0,Norte
CL0156,18.4039,0.8531,9.1342,25.6584,5.7735,0.4239,Digital,1,Norte
CL0157,2.7290,2.4612,26.2443,36.1143,7.2011,0.3458,Mixto,1,Sur
CL0158,6.0885,0.1893,26.0922,22.2263,3.4445,0.3045,Digital,0,Norte
CL0159,22.5399,1.5788,1.0000,28.6842,5.0755,0.2261,Digital,1,Sur
CL0160,6.1342,0.7176,1.0000,17.0965,6.4614,0.1644,Mixto,1,Centro
CL0161,18.4889,2.2537,23.2338,25.7795,9.3824,0.1552,Mixto,0,Centro
CL0162,5.7924,0.2385,41.3771,24.2274,0.0000,0.0941,Mixto,0,Sur
CL0163,18.3936,0.1220,7.3534,14.9570,6.2173,0.2088,Mixto,1,Sur
CL0164,17.5270,0.7913,29.9962,22.3514,3.6696,0.0805,Digital,1,Norte
CL0165,18.7690,2.4577,41.0919,28.5759,10.1443,0.1998,Digital,1,Sur
CL0166,19.3410,0.7170,8.3526,23.4694,5.1800,0.1564,Mixto,0,Centro
CL0167,3.2305,0.4482,41.0621,14.1823,0.1954,0.3572,Mixto,1,Sur
CL0168,3.2752,0.1387,30.6385,16.9971,3.6088,0.3450,Ejecutivo,0,Centro
CL0169,4.8203,0.2346,34.1757,22.8017,1.8798,0.3787,Mixto,0,Norte
CL0170,11.9299,0.5517,29.2104,30.2446,6.6322,0.1831,Mixto,1,Sur
CL0171,20.2539,0.7173,4.3319,26.4357,4.0721,0.3735,Mixto,1,Sur
CL0172,20.7304,2.5155,31.6798,31.9197,11.7933,0.3550,Digital,1,Norte
CL0173,3.8290,0.3548,36.2867,21.6932,1.0136,0.1089,Mixto,0,Sur
CL0174,16.1949,1.7595,12.0049,20.9000,2.2715,0.5439,Mixto,1,Sur
CL0175,18.6141,1.2965,35.6543,21.3440,4.2493,0.4214,Ejecutivo,1,Norte
CL0176,2.8744,0.0767,21.6683,26.1517,2.7224,0.5276,Ejecutivo,1,Sur
CL0177,33.0620,2.1642,4.8853,27.2426,3.1578,0.1982,Ejecutivo,0,Norte
CL0178,5.4936,0.1971,1.0000,18.2270,0.7734,0.1365,Digital,1,Sur
CL0179,16.5563,0.8032,29.5715,22.2004,3.3985,0.1306,Digital,1,Sur
CL0180,10.5473,0.2826,17.0532,33.8716,5.0944,0.5715,Mixto,0,Centro
CL0181,4.5759,5.4737,28.1582,50.6424,6.6636,0.2852,Mixto,0,Sur
CL0182,26.4694,2.4426,1.2184,17.6973,2.6540,0.3337,Mixto,0,Centro
CL0183,1.7604,0.1437,28.1451,3.0000,1.1508,0.2286,Ejecutivo,1,Centro
CL0184,29.0078,11.3060,3.9421,36.7271,10.3831,0.3374,Mixto,1,Norte
CL0185,19.1863,2.7600,22.8222,35.6605,10.2296,0.1701,Mixto,1,Centro
CL0186,26.2232,3.0576,17.8040,31.8796,12.3658,0.8041,Ejecutivo,1,Norte
CL0187,6.5553,0.2405,56.1281,22.2993,0.7581,0.5365,Ejecutivo,0,Sur
CL0188,16.2546,1.2276,25.3858,22.1548,7.0606,0.0958,Digital,0,Sur
CL0189,14.0818,1.5946,20.9813,13.4058,5.4279,0.4089,Mixto,0,Norte
CL0190,1.1410,0.2141,36.4011,13.3016,0.0000,0.2206,Mixto,0,Centro
CL0191,13.4066,2.4544,2.2030,16.0396,3.4716,0.0300,Mixto,0,Sur
CL0192,30.5127,2.8909,15.9957,18.1803,2.3308,0.2285,Ejecutivo,1,Centro
CL0193,17.7122,2.5887,8.1510,26.5475,2.9811,0.4474,Digital,1,Sur
CL0194,21.7884,2.1179,1.0000,17.9508,3.1146,0.5033,Ejecutivo,0,Norte
CL0195,6.6472,0.3554,48.3509,18.2219,3.1099,0.2436,Digital,1,Sur
CL0196,11.3071,0.8006,8.6785,23.8212,5.3382,0.3705,Digital,0,Sur
CL0197,2.3208,0.1877,59.5793,20.5975,7.7811,0.4502,Digital,1,Centro
CL0198,20.8879,0.5148,8.1357,19.2074,2.3470,0.2445,Mixto,0,Centro
CL0199,11.9550,1.2200,1.0000,36.8436,7.1878,0.2908,Mixto,0,Norte
CL0200,1.0000,0.2548,31.1653,23.1256,1.3071,0.3347,Digital,0,Centro
CL0201,32.0112,1.7732,29.1205,26.5260,0.0000,0.6455,Mixto,0,Sur
CL0202,14.7977,1.4336,7.5485,19.7565,1.1262,0.2423,Ejecutivo,0,Norte
CL0203,11.2844,0.8415,23.3034,26.9623,7.7908,0.0300,Digital,1,Sur
CL0204,5.5198,0.2561,10.4709,17.5419,0.0000,0.3071,Mixto,1,Sur
CL0205,4.2785,0.1207,38.9423,19.1309,0.0000,0.3138,Digital,1,Norte
CL0206,3.1015,0.3143,39.8587,19.5038,4.0539,0.0941,Mixto,0,Centro
CL0207,1.1132,0.2162,25.4032,NA,1.0645,0.3180,Digital,1,Sur
CL0208,14.7362,1.4191,1.0000,22.1484,4.6014,0.2069,Mixto,1,Norte
CL0209,3.2061,0.0550,37.6658,19.4206,6.9523,0.6011,Mixto,0,Sur
CL0210,19.0468,0.8766,12.2649,29.9357,5.4508,0.2362,Mixto,0,Centro
CL0211,11.6381,4.1331,33.1151,36.2259,8.4753,0.5567,Ejecutivo,0,Norte
CL0212,4.6485,0.0570,50.6534,24.0663,3.3278,0.3182,Digital,0,Centro
CL0213,9.5469,0.1988,17.6108,18.2379,0.0000,0.4910,Digital,0,Sur
CL0214,1.0494,0.2449,9.7588,17.3940,1.4347,0.3061,Ejecutivo,0,Norte
CL0215,5.1824,0.2157,39.9046,13.4256,0.0000,0.2979,Ejecutivo,1,Centro
CL0216,4.3933,0.2523,47.4463,28.2754,1.8414,0.4211,Digital,0,Norte
CL0217,13.1971,1.0452,1.0000,27.6878,7.5703,0.0361,Mixto,1,Centro
CL0218,9.6875,0.5323,9.4216,30.9821,6.1365,0.4109,Mixto,0,Centro
CL0219,24.7112,1.8494,15.0012,27.7423,1.5579,0.2090,Ejecutivo,0,Sur
CL0220,4.5628,0.1433,57.6627,24.6396,0.7322,0.4634,Mixto,1,Centro
CL0221,19.4764,3.0627,23.8636,44.1936,6.0027,0.2998,Digital,1,Centro
CL0222,14.2295,1.8166,18.7912,30.0827,8.4111,0.4740,Mixto,0,Centro
CL0223,7.1114,0.3757,40.7359,16.8372,3.6336,0.3860,Digital,1,Norte
CL0224,29.0337,3.1171,18.2712,35.1883,9.6080,0.1663,Mixto,0,Centro
CL0225,20.3548,0.5543,19.2573,27.8957,4.4798,0.0300,Ejecutivo,1,Sur
CL0226,29.7497,2.3066,1.0000,7.7010,3.1060,0.0300,Digital,1,Sur
CL0227,24.3266,1.4274,22.3778,20.5550,4.1962,0.3587,Digital,1,Sur
CL0228,2.5672,0.2951,44.3289,15.5379,1.6569,0.0479,Digital,1,Sur
CL0229,10.7795,1.0685,1.0000,34.7026,11.1835,0.1772,Mixto,0,Centro
CL0230,9.3390,0.4232,2.1264,17.1446,4.1181,0.0586,Mixto,0,Norte
CL0231,16.1698,2.4634,18.1175,37.7015,10.3782,0.4131,Mixto,1,Norte
CL0232,23.3836,1.8198,3.5078,13.9385,6.8406,0.4996,Mixto,0,Centro
CL0233,2.4120,0.2232,62.0768,18.1642,0.0000,0.2661,Ejecutivo,1,Centro
CL0234,37.5941,1.7730,2.9201,17.2192,3.6260,0.4390,Digital,1,Centro
CL0235,26.1615,1.7990,1.0000,19.0588,1.9431,0.1876,Ejecutivo,1,Sur
CL0236,13.3506,0.7520,22.6560,26.8988,8.1274,0.2938,Mixto,1,Centro
CL0237,11.8414,4.4082,1.0000,23.2601,4.0602,0.2400,Mixto,0,Centro
CL0238,30.3001,3.7848,42.6227,38.8208,10.2711,0.0561,Ejecutivo,1,Sur
CL0239,9.7963,0.6930,16.3549,23.9350,1.9748,0.4069,Digital,1,Sur
CL0240,2.3293,1.0263,21.8504,26.2932,5.7932,0.2054,Ejecutivo,0,Sur
CL0241,2.0322,0.2540,38.7160,14.6266,0.4376,0.4282,Mixto,1,Centro
CL0242,18.8721,3.1857,29.9066,30.0519,9.7961,0.2241,Ejecutivo,1,Centro
CL0243,2.6031,0.2248,37.5601,21.7723,0.5974,0.1425,Mixto,1,Sur
CL0244,20.4296,1.0483,11.4485,20.6714,3.4750,0.4554,Mixto,1,Centro
CL0245,18.6969,2.3974,4.7337,41.8370,9.2327,0.4968,Digital,1,Centro
CL0246,26.2654,2.7321,11.4217,NA,2.9897,0.2289,Mixto,1,Sur
CL0247,3.7271,0.3909,25.8740,19.1663,5.7505,0.3378,Ejecutivo,1,Norte
CL0248,5.7148,0.2012,36.2423,28.6969,3.3337,0.2953,Mixto,1,Norte
CL0249,17.0933,2.9119,54.5279,33.4731,9.8499,0.3116,Ejecutivo,1,Sur
CL0250,4.1599,0.1151,24.3443,20.7904,3.8404,0.2335,Digital,0,Norte
CL0251,27.8227,1.2759,16.5629,23.8249,3.7209,0.4079,Digital,1,Sur
CL0252,8.2292,0.7141,28.0162,23.8377,6.2532,0.0522,Digital,1,Centro
CL0253,10.6153,0.6749,8.0248,23.3502,7.0412,0.5440,Ejecutivo,0,Sur
CL0254,4.7191,0.3968,50.5416,13.9563,2.2119,0.3989,Digital,1,Sur
CL0255,5.8737,1.0397,52.5041,16.4050,0.0000,0.1539,Mixto,1,Norte
CL0256,34.1078,1.3331,25.6425,19.9548,4.0195,0.1192,Ejecutivo,1,Centro
CL0257,1.0031,0.1995,40.8648,12.7752,2.8121,0.4475,Ejecutivo,0,Centro
CL0258,17.8946,2.9805,35.0057,30.6587,6.4091,0.4191,Digital,0,Norte
CL0259,13.0378,0.7830,28.8508,24.9423,8.9745,0.2324,Mixto,0,Sur
CL0260,8.6973,2.2754,34.3032,24.3843,8.3508,0.5321,Digital,0,Norte
CL0261,4.8908,0.2254,47.2447,9.8972,2.8456,0.4710,Ejecutivo,1,Sur
CL0262,5.6587,3.4055,1.2214,34.7716,10.9456,0.3784,Mixto,1,Sur
CL0263,12.1330,0.8328,20.9151,29.6005,8.3885,0.5453,Mixto,0,Centro
CL0264,15.9085,2.0589,12.7851,30.6116,10.3441,0.5096,Mixto,0,Sur
CL0265,23.0757,2.0630,6.2301,45.0246,8.0158,0.3801,Digital,1,Norte
CL0266,8.9831,2.4435,1.0000,28.8657,11.9018,0.3576,Ejecutivo,1,Norte
CL0267,16.8436,1.9648,10.0377,26.0252,3.7490,0.3615,Mixto,1,Sur
CL0268,11.9532,0.2687,39.2397,23.0622,3.1403,0.4776,Mixto,1,Centro
CL0269,11.0887,0.4090,20.0266,30.6156,3.1096,0.1230,Ejecutivo,1,Sur
CL0270,26.7946,2.3867,13.5964,18.1273,3.1206,0.4454,Ejecutivo,1,Sur
CL0271,5.8197,0.3756,40.0642,20.6629,0.0000,0.2569,Ejecutivo,1,Norte
CL0272,21.6435,2.0502,6.9019,22.3329,1.2848,0.1263,Ejecutivo,0,Norte
CL0273,20.8778,1.0882,1.0000,13.9260,5.6128,0.5230,Mixto,1,Norte
CL0274,5.4431,0.2343,28.4470,21.9026,5.3245,0.2665,Mixto,1,Norte
CL0275,18.6517,1.9278,10.9042,31.2147,4.9398,0.4223,Ejecutivo,1,Norte
CL0276,5.7046,0.4707,2.9274,20.1679,1.3751,0.3890,Ejecutivo,1,Norte
CL0277,20.1958,0.3145,27.0513,25.9628,5.1879,0.2389,Mixto,1,Norte
CL0278,17.9693,0.0667,11.3352,13.7959,6.1077,0.4126,Mixto,1,Centro
CL0279,2.7943,0.1895,39.7623,25.8876,1.2944,0.1111,Digital,1,Centro
CL0280,16.9682,1.8479,44.6080,38.2338,11.1326,0.1568,Mixto,0,Norte
CL0281,10.7270,1.5693,24.2054,32.6505,9.2222,0.0300,Digital,1,Sur
CL0282,3.0484,0.0715,21.8785,9.2665,0.0000,0.1575,Mixto,0,Norte
CL0283,14.2378,1.0727,33.2158,20.1520,6.9673,0.4396,Ejecutivo,0,Sur
CL0284,19.8446,1.9534,1.0000,NA,3.6547,0.4344,Ejecutivo,1,Sur
CL0285,13.4874,1.0939,30.9881,20.0048,2.7174,0.2972,Mixto,1,Centro
CL0286,8.6175,0.2320,37.4524,18.0159,3.0136,0.5157,Mixto,0,Sur
CL0287,3.3432,0.2102,38.7863,18.3836,5.5170,0.5145,Digital,0,Centro
CL0288,9.3642,0.7704,8.2314,19.2629,4.6909,0.4784,Digital,0,Norte
CL0289,5.1505,0.1945,39.0789,24.3655,3.1165,0.4112,Ejecutivo,0,Sur
CL0290,22.7582,1.0689,28.8743,NA,6.4630,0.4393,Mixto,0,Centro
CL0291,25.3700,1.3168,12.3533,19.6000,2.3849,0.3598,Ejecutivo,1,Sur
CL0292,18.0928,1.0328,5.1343,21.6389,3.5390,0.2661,Digital,1,Sur
CL0293,29.5471,2.8802,6.3265,32.9478,6.6300,0.2642,Ejecutivo,0,Sur
CL0294,7.2436,0.2096,25.7295,13.7924,1.9059,0.1952,Digital,0,Sur
CL0295,14.3194,1.4926,4.1381,44.9130,2.8348,0.4809,Mixto,1,Sur
CL0296,10.4198,0.4374,24.1711,26.5878,6.1848,0.5620,Mixto,1,Sur
CL0297,23.9404,1.8149,11.8811,36.3382,10.8054,0.2125,Ejecutivo,1,Centro
CL0298,6.1474,0.2284,33.8780,15.3779,1.6819,0.4241,Ejecutivo,0,Sur
CL0299,22.3748,1.5415,14.3092,28.7435,4.1214,0.2341,Digital,0,Norte
CL0300,7.6099,3.2465,9.0929,35.5118,10.4300,0.2063,Mixto,1,Centro
CL0301,1.1565,1.5150,18.1793,21.8421,8.1682,0.3980,Ejecutivo,1,Centro
CL0302,26.3877,2.4732,16.7716,19.0140,0.0000,0.3706,Mixto,0,Centro
CL0303,3.9209,0.4859,58.3426,15.1167,0.2584,0.1718,Digital,1,Sur
CL0304,14.0454,0.7176,16.2311,28.9550,8.0654,0.2667,Ejecutivo,0,Norte
CL0305,3.7742,0.2864,52.8074,21.9737,1.3443,0.3652,Mixto,1,Sur
CL0306,16.9511,0.3864,9.0938,24.4671,2.8915,0.3040,Ejecutivo,0,Norte
CL0307,14.4750,0.3775,11.3507,24.0334,7.9301,0.3753,Mixto,0,Centro
CL0308,18.3953,3.4339,37.9826,25.9504,8.7051,0.2766,Digital,1,Centro
CL0309,28.9124,0.4130,9.6483,21.3382,3.4027,0.4698,Digital,0,Sur
CL0310,5.3750,0.3738,18.5966,31.0357,6.5102,0.5538,Mixto,1,Centro
CL0311,3.1823,0.3320,40.9696,17.1543,3.8985,0.3128,Ejecutivo,0,Sur
CL0312,20.6687,2.3738,26.7138,41.4647,11.3602,0.2933,Ejecutivo,1,Centro
CL0313,21.4869,1.2623,5.7157,20.5344,6.5512,0.4098,Digital,1,Centro
CL0314,1.6831,0.2338,45.9426,13.8995,0.0000,0.4930,Mixto,1,Norte
CL0315,18.4801,1.4560,32.1101,19.6075,4.3320,0.4240,Ejecutivo,1,Norte
CL0316,22.8965,1.8836,1.0000,26.5600,2.1260,0.2217,Digital,1,Centro
CL0317,4.4446,0.4240,52.5913,13.4948,3.4863,0.4056,Mixto,1,Sur
CL0318,21.4780,2.8298,7.0836,40.0874,9.7352,0.1968,Mixto,0,Norte
CL0319,10.8962,1.4787,31.3066,26.5734,13.8047,0.5979,Digital,0,Centro
CL0320,9.5484,1.0213,28.6538,30.5788,5.7675,0.4582,Ejecutivo,0,Norte
CL0321,43.4417,0.9771,1.0000,25.8590,3.1311,0.2963,Mixto,1,Centro
CL0322,22.1552,0.7898,8.1619,21.8404,2.9357,0.3194,Mixto,0,Norte
CL0323,4.9579,0.4689,41.6701,13.7590,2.5801,0.4734,Ejecutivo,0,Norte
CL0324,5.3034,0.2616,41.9467,7.4873,1.2603,0.1877,Mixto,1,Sur
CL0325,30.6397,1.4181,1.0000,31.5116,4.4402,0.2246,Mixto,1,Norte
CL0326,8.7375,0.9551,4.7205,26.2731,5.7713,0.4573,Ejecutivo,0,Norte
CL0327,7.4689,0.7765,3.2744,30.2817,4.1965,0.3962,Digital,0,Centro
CL0328,26.6641,0.8127,18.2578,20.9936,3.1808,0.4541,Ejecutivo,1,Sur
CL0329,2.7325,0.2681,36.8504,16.8611,2.3595,0.2995,Mixto,1,Norte
CL0330,34.3246,1.0865,25.1420,29.6315,9.2020,0.4302,Mixto,0,Sur
CL0331,1.6321,4.0333,23.7281,33.0813,12.8237,0.3894,Ejecutivo,1,Centro
CL0332,9.8166,0.7065,13.7624,20.3749,4.7870,0.2427,Digital,1,Norte
CL0333,31.7925,1.5191,38.4021,8.6177,4.1312,0.2191,Mixto,1,Norte
CL0334,1.5152,0.3606,49.8366,20.2496,6.8338,0.2792,Digital,1,Norte
CL0335,19.0873,2.0463,1.0000,21.6209,5.7114,0.3025,Mixto,1,Norte
CL0336,21.0482,2.7984,13.7916,26.8420,8.4827,0.0300,Mixto,1,Centro
CL0337,16.9462,1.1993,15.3307,16.8010,6.7247,0.0782,Digital,0,Centro
CL0338,21.3390,1.3072,4.2969,23.1779,1.0802,0.1762,Ejecutivo,0,Centro
CL0339,1.0941,0.4430,20.5463,16.1559,3.6124,0.3602,Ejecutivo,0,Norte
CL0340,2.7978,0.5560,20.1995,23.2053,5.5390,0.6272,Mixto,0,Sur
CL0341,14.1897,0.7866,33.1285,28.9151,6.7678,0.5961,Ejecutivo,1,Norte
CL0342,8.1461,0.4349,9.2390,30.1708,7.2047,0.2187,Digital,0,Norte
CL0343,20.9978,2.3683,23.9786,36.6452,7.6554,0.5849,Ejecutivo,0,Centro
CL0344,1.1593,0.2674,23.0126,18.7636,0.0000,0.1563,Ejecutivo,0,Centro
CL0345,1.1600,0.2848,36.1263,21.4779,0.6460,0.0300,Mixto,0,Norte
CL0346,11.0221,0.4080,13.2675,28.9384,5.6565,0.2004,Mixto,1,Sur
CL0347,13.1205,1.3140,1.0799,4.6306,2.2598,0.4051,Ejecutivo,0,Sur
CL0348,4.9648,0.3241,24.5347,21.7072,3.5065,0.3358,Mixto,1,Sur
CL0349,18.5962,2.0838,25.8417,21.8620,5.1244,0.5341,Mixto,0,Sur
CL0350,7.9032,0.3230,22.5362,18.5922,3.8688,0.1957,Ejecutivo,1,Sur
CL0351,3.1360,0.2125,23.6835,NA,7.3499,0.3265,Mixto,0,Norte
CL0352,15.0033,3.2689,26.4086,35.6257,6.5997,0.4231,Ejecutivo,1,Sur
CL0353,12.7586,1.1598,16.4143,22.1347,6.2987,0.3581,Digital,1,Sur
CL0354,2.6352,0.3839,44.4160,15.4850,0.0000,0.0852,Digital,1,Sur
CL0355,22.0428,3.0449,21.5255,28.7434,11.3833,0.2801,Ejecutivo,1,Centro
CL0356,11.8490,0.7012,2.6844,14.0040,7.0286,0.0300,Mixto,1,Norte
CL0357,13.8298,0.5431,16.7966,29.4061,9.3838,0.3989,Digital,1,Sur
CL0358,30.0743,1.5467,7.2480,19.5954,0.0000,0.3820,Digital,0,Centro
CL0359,32.4636,0.4808,17.8201,12.8522,5.7355,0.2915,Digital,0,Norte
CL0360,15.6512,1.7217,30.2575,40.8331,7.3157,0.2600,Digital,1,Centro
CL0361,11.6431,0.8162,21.2484,17.0945,8.2940,0.2745,Mixto,1,Centro
CL0362,12.2310,1.9367,4.6920,11.6529,2.2242,0.4083,Mixto,0,Centro
CL0363,15.0527,0.7760,1.0000,30.4465,4.9827,0.2501,Mixto,0,Centro
CL0364,2.9472,0.2350,22.9244,18.7729,2.4797,0.2220,Digital,0,Sur
CL0365,35.8967,1.7863,1.0000,20.0791,2.6027,0.1846,Mixto,1,Sur
CL0366,11.9591,0.4921,5.1469,34.7122,6.6706,0.3805,Mixto,1,Sur
CL0367,5.8719,0.2179,37.6887,20.2314,2.3056,0.1485,Ejecutivo,1,Norte
CL0368,10.7101,0.7244,17.8387,35.1703,6.4726,0.1957,Ejecutivo,1,Centro
CL0369,3.2439,0.3221,30.8190,19.8411,4.0317,0.2202,Mixto,1,Norte
CL0370,7.3362,0.4044,26.6611,12.9254,3.4625,0.4847,Ejecutivo,1,Norte
CL0371,25.3146,0.8625,9.8553,15.8789,4.5621,0.0764,Digital,1,Norte
CL0372,20.4349,1.1746,18.0920,22.5161,1.6358,0.5743,Digital,1,Sur
CL0373,13.0361,0.5254,24.2926,33.1786,5.7413,0.2758,Mixto,1,Sur
CL0374,1.0000,0.2221,37.7589,24.0157,3.9406,0.3351,Mixto,1,Sur
CL0375,11.9464,0.6518,15.3315,NA,6.9499,0.2838,Digital,1,Centro
CL0376,21.4213,1.8822,16.1399,16.7400,4.6263,0.3656,Ejecutivo,0,Norte
CL0377,9.5534,0.0687,10.0675,30.5976,7.0697,0.2132,Mixto,1,Norte
CL0378,17.8062,1.3731,34.6456,26.1922,1.7089,0.2166,Digital,1,Sur
CL0379,15.6582,1.0985,15.5094,14.9918,0.5640,0.2549,Digital,0,Norte
CL0380,24.3445,3.2419,31.1212,47.5452,8.9697,0.3599,Mixto,1,Centro
CL0381,17.0839,2.0414,1.0000,24.6068,2.4457,0.6061,Digital,0,Sur
CL0382,15.7386,0.6642,34.5863,20.7933,6.6967,0.2480,Digital,1,Centro
CL0383,20.6954,0.9190,21.0278,16.6795,5.4956,0.2132,Ejecutivo,0,Centro
CL0384,12.2941,0.7785,34.9489,30.0218,5.2714,0.3411,Digital,0,Sur
CL0385,6.0653,0.1401,28.2484,16.9264,3.5543,0.2293,Digital,1,Sur
CL0386,10.2469,0.8377,11.0023,24.4543,4.8912,0.5852,Digital,0,Centro
CL0387,19.1600,1.3560,24.2290,17.7806,6.6286,0.1572,Digital,1,Norte
CL0388,5.9475,0.2001,23.0222,21.5014,2.2070,0.3453,Mixto,1,Norte
CL0389,36.5747,3.6132,39.7864,36.4513,12.1233,0.2367,Digital,1,Centro
CL0390,15.6588,4.1588,50.1939,33.1318,9.6397,0.2678,Ejecutivo,1,Sur
CL0391,9.7744,0.6155,10.3043,27.9539,3.5151,0.6622,Digital,0,Centro
CL0392,12.9029,0.4465,14.4863,19.3422,10.1806,0.3884,Ejecutivo,0,Sur
CL0393,24.8053,2.2357,1.0000,15.5021,3.8892,0.0940,Digital,0,Sur
CL0394,17.3048,1.1275,10.5655,25.1218,3.0440,0.2456,Mixto,1,Sur
CL0395,32.7406,1.8454,11.3101,26.7064,6.0488,0.3518,Mixto,0,Sur
CL0396,19.1889,1.4046,24.0750,19.6506,4.3182,0.2626,Mixto,0,Norte
CL0397,13.4250,0.7562,11.9023,26.6290,2.9902,0.2451,Digital,0,Centro
CL0398,20.0467,2.4794,11.9591,37.5533,8.5940,0.1226,Digital,0,Norte
CL0399,25.3484,2.5741,18.5033,19.3064,6.5880,0.0943,Mixto,1,Norte
CL0400,2.2242,0.2923,25.9455,20.8810,0.0000,0.3188,Mixto,0,Norte
CL0401,2.9206,0.3148,18.0953,19.3535,0.8269,0.1130,Ejecutivo,1,Norte
CL0402,10.9594,3.4047,13.0800,42.2241,11.1135,0.1188,Ejecutivo,0,Sur
CL0403,14.0722,0.1070,11.7692,20.1104,6.6848,0.4778,Digital,1,Centro
CL0404,11.2479,2.4048,40.3684,30.1113,6.7982,0.3554,Ejecutivo,1,Centro
CL0405,7.5891,1.2199,8.2650,27.1806,6.7096,0.6536,Digital,1,Norte
CL0406,10.4611,0.5130,9.7743,NA,8.5385,0.2692,Ejecutivo,0,Sur
CL0407,4.5467,0.1664,54.3505,21.6263,1.1578,0.1198,Ejecutivo,1,Norte
CL0408,4.7359,0.7674,21.5901,25.1435,6.0187,0.1369,Ejecutivo,1,Centro
CL0409,16.6270,2.3055,22.4718,37.2113,10.2752,0.6773,Ejecutivo,0,Sur
CL0410,4.1065,0.4958,38.5777,5.7923,4.2869,0.4073,Mixto,1,Centro
CL0411,13.2534,4.0740,35.5868,34.5666,6.7542,0.2741,Digital,1,Centro
CL0412,3.2865,0.5016,52.5415,9.8712,3.0070,0.3106,Digital,0,Sur
CL0413,9.6311,0.5226,18.4334,28.1438,3.8413,0.3312,Digital,0,Norte
CL0414,24.9174,4.0187,14.2874,36.3064,9.8630,0.3118,Mixto,1,Centro
CL0415,28.4127,1.5433,25.5921,17.3523,5.8505,0.7072,Digital,1,Sur
CL0416,16.9049,0.7313,6.9087,19.3693,4.6599,0.0300,Digital,0,Centro
CL0417,11.5362,1.5776,31.4673,25.8715,5.3492,0.2537,Ejecutivo,1,Norte
CL0418,7.0981,0.7729,9.1234,29.2049,2.5576,0.3093,Digital,1,Sur
CL0419,20.1958,2.3679,1.0000,34.1773,1.4942,0.2533,Mixto,1,Norte
CL0420,3.7271,0.3719,35.2689,21.8184,1.2797,0.5304,Mixto,0,Norte
CL0421,18.9024,2.7319,55.4272,33.3060,10.0932,0.2449,Ejecutivo,0,Norte
CL0422,27.2448,1.8591,4.8279,32.4463,8.0396,0.1606,Digital,1,Norte
CL0423,15.8887,0.8896,25.0416,26.4175,9.4492,0.2649,Digital,0,Norte
CL0424,15.4721,1.7707,13.7864,NA,2.8771,0.5229,Digital,1,Centro
CL0425,4.2906,0.2880,23.6623,21.1123,4.1013,0.4256,Mixto,0,Sur
CL0426,18.6230,1.7762,41.4833,36.1762,7.5736,0.3405,Ejecutivo,1,Centro
CL0427,25.7797,1.7165,1.0000,20.4365,3.6067,0.3695,Mixto,1,Norte
CL0428,18.3226,1.5285,1.5213,23.1812,3.9521,0.4355,Digital,0,Sur
CL0429,5.5806,0.2028,30.5463,16.2653,0.9606,0.1693,Ejecutivo,1,Sur
CL0430,16.8760,0.6531,5.5948,NA,4.9993,0.2341,Ejecutivo,1,Norte
CL0431,26.2127,4.8858,41.1863,40.6356,8.3577,0.4383,Ejecutivo,1,Norte
CL0432,28.4865,1.8459,12.4915,6.5291,1.3720,0.1291,Mixto,0,Sur
CL0433,15.0564,0.9975,24.0097,27.7248,8.8580,0.4753,Digital,0,Sur
CL0434,1.0000,0.2587,21.4878,14.8135,4.4767,0.5394,Mixto,0,Sur
CL0435,10.8231,0.8564,28.3941,19.4979,4.3073,0.3394,Mixto,1,Centro
CL0436,29.3096,1.7662,22.6157,20.8443,6.1301,0.0672,Ejecutivo,1,Centro
CL0437,8.1836,0.0815,24.3048,16.4965,2.5378,0.1857,Ejecutivo,0,Norte
CL0438,8.1041,0.8195,29.2837,18.2160,6.1113,0.3177,Ejecutivo,0,Centro
CL0439,6.0655,0.2751,42.5325,NA,1.1647,0.4239,Mixto,1,Sur
CL0440,3.4604,0.5112,40.3939,26.1068,5.1873,0.3950,Ejecutivo,0,Sur
CL0441,13.9985,3.0100,42.0989,44.2199,10.0355,0.4806,Mixto,1,Norte
CL0442,14.3529,3.5755,12.9923,40.9690,12.8080,0.1346,Digital,0,Norte
CL0443,26.6844,2.2540,8.4809,18.1531,0.0000,0.3592,Mixto,0,Centro
CL0444,22.2467,2.3426,15.7441,45.7320,9.5583,0.3764,Digital,1,Centro
CL0445,1.8083,0.2428,63.8846,17.3680,5.1874,0.2440,Mixto,0,Sur
CL0446,5.3318,0.2237,40.7426,17.3829,2.5850,0.1414,Ejecutivo,0,Centro
CL0447,6.1472,0.1503,35.1867,21.2439,0.6088,0.4889,Ejecutivo,0,Sur
CL0448,11.8908,0.9446,12.9580,29.5854,6.9248,0.4959,Digital,1,Norte
CL0449,2.4545,0.6487,1.0000,32.5221,4.2226,0.1826,Ejecutivo,1,Centro
CL0450,21.2256,1.4442,5.2795,24.1311,5.0149,0.3786,Digital,1,Sur
CL0451,6.9249,0.3798,26.1964,5.3279,2.0299,0.4713,Ejecutivo,1,Norte
CL0452,5.2220,0.2732,55.9178,15.1683,2.4554,0.4749,Mixto,0,Norte
CL0453,4.4987,0.2861,66.3735,13.5101,4.3419,0.1948,Ejecutivo,0,Sur
CL0454,3.4260,0.0667,24.8618,19.7263,4.1566,0.4258,Ejecutivo,0,Sur
CL0455,33.5054,2.5510,1.0000,34.1395,2.6741,0.0300,Ejecutivo,1,Sur
CL0456,16.0764,0.4386,3.8795,30.2519,6.1239,0.1020,Ejecutivo,0,Centro
CL0457,37.8106,1.5635,15.7113,16.9322,0.4266,0.1637,Mixto,1,Centro
CL0458,21.7807,0.3022,24.8607,28.0871,8.7214,0.0614,Ejecutivo,0,Sur
CL0459,5.9377,0.1081,27.0942,NA,0.9562,0.2485,Digital,1,Sur
CL0460,3.6808,0.3356,32.0599,17.3463,1.8555,0.3082,Ejecutivo,0,Centro
CL0461,11.0803,1.9143,15.4237,27.7807,4.7572,0.0654,Ejecutivo,0,Norte
CL0462,6.6254,0.3324,48.2173,19.6125,0.4698,0.1356,Mixto,0,Norte
CL0463,2.4760,0.2487,46.7445,11.3573,0.4519,0.4441,Ejecutivo,1,Centro
CL0464,1.0000,0.1097,29.4308,15.9865,2.5839,0.4209,Digital,0,Centro
CL0465,28.5309,1.5509,7.7383,23.0631,5.5515,0.1056,Digital,0,Sur
CL0466,5.6179,0.3455,32.3212,18.4138,1.8491,0.3490,Mixto,0,Centro
CL0467,23.9304,1.4615,12.1604,22.4112,13.8484,0.0738,Ejecutivo,1,Centro
CL0468,2.8370,0.1519,1.0000,23.5170,6.6562,0.1214,Ejecutivo,1,Centro
CL0469,26.7288,11.9054,24.4405,27.9066,13.5703,0.0300,Digital,0,Centro
CL0470,7.1598,1.4934,14.7354,17.9656,6.2438,0.4138,Ejecutivo,0,Centro
CL0471,23.5050,1.9939,10.5820,24.2451,2.1731,0.6493,Mixto,1,Norte
CL0472,6.5628,0.3809,7.9968,23.7324,4.5857,0.2515,Ejecutivo,0,Centro
CL0473,13.8129,0.4643,18.6869,36.9118,4.2534,0.2844,Mixto,0,Centro
CL0474,7.3793,0.3529,40.9932,22.5868,2.6543,0.6510,Mixto,0,Centro
CL0475,9.9381,0.8794,1.0327,24.4873,4.0081,0.1110,Digital,1,Centro
CL0476,39.5442,1.8971,14.2247,11.4194,0.5210,0.1496,Mixto,0,Centro
CL0477,3.1179,0.2339,34.2552,13.1591,3.1702,0.1933,Ejecutivo,1,Centro
CL0478,25.3664,1.1786,3.5661,18.8105,3.4966,0.4441,Digital,1,Norte
CL0479,11.0521,2.7471,14.7135,34.7289,8.1808,0.4224,Mixto,1,Sur
CL0480,24.0899,4.6238,1.0000,35.6965,10.5320,0.3621,Mixto,0,Norte
CL0481,10.5715,2.2610,28.9001,42.2718,8.6561,0.1732,Digital,0,Sur
CL0482,17.5712,3.2396,1.2593,34.8544,8.2695,0.5131,Digital,1,Centro
CL0483,17.1017,0.4503,1.6836,20.5991,4.1745,0.1881,Mixto,0,Sur
CL0484,2.7743,2.9403,10.9364,34.4633,6.4499,0.3853,Digital,1,Sur
CL0485,16.8414,1.0519,13.4155,NA,4.3471,0.0851,Ejecutivo,1,Norte
CL0486,24.9008,2.1492,39.3214,NA,7.6556,0.3965,Digital,1,Norte
CL0487,5.5422,0.3500,3.4895,32.6802,0.0000,0.3571,Mixto,1,Sur
CL0488,28.1648,2.6844,5.0786,32.5399,9.4835,0.5344,Ejecutivo,1,Sur
CL0489,9.9590,0.8479,1.0000,27.8914,4.5758,0.0300,Digital,1,Centro
CL0490,1.3032,0.1581,18.2745,20.0511,0.4899,0.1818,Digital,1,Norte
CL0491,10.8719,0.6961,23.2261,23.0548,5.8508,0.4227,Ejecutivo,1,Norte
CL0492,13.4748,0.5071,37.4130,27.9299,8.0530,0.3342,Mixto,0,Norte
CL0493,10.9986,0.3898,21.9799,25.1373,7.5624,0.2896,Mixto,0,Centro
CL0494,1.0565,0.2537,38.4778,30.6207,0.6917,0.2449,Mixto,1,Centro
CL0495,17.2866,0.7825,21.4635,30.6473,8.0981,0.5821,Ejecutivo,0,Centro
CL0496,18.6448,1.4647,1.8360,32.9010,9.2247,0.0300,Mixto,0,Centro
CL0497,27.4934,1.4909,9.5613,27.5781,4.5658,0.4092,Digital,0,Norte
CL0498,8.5260,0.6231,15.6132,18.1458,4.3093,0.2390,Mixto,0,Centro
CL0499,11.2030,0.2320,8.0392,40.7952,4.2300,0.3294,Mixto,1,Norte
CL0500,6.0428,0.2186,60.3214,23.2037,1.9196,0.3487,Digital,0,Sur
CL0501,7.8737,0.8301,21.3169,15.3537,7.7613,0.3154,Ejecutivo,0,Sur
CL0502,29.2585,3.7599,10.3788,30.5528,11.9747,0.1901,Ejecutivo,1,Centro
CL0503,7.4420,0.2931,22.8042,16.3825,3.5320,0.4081,Mixto,1,Sur
CL0504,16.6103,0.9908,29.8141,15.8883,9.3690,0.2193,Mixto,1,Norte
CL0505,14.0993,1.9633,13.2247,20.0436,0.4563,0.1576,Mixto,1,Centro
CL0506,12.5472,1.1172,16.2401,29.7760,4.7240,0.2107,Ejecutivo,0,Norte
CL0507,8.0245,0.2907,39.3184,28.4986,0.0000,0.0594,Mixto,0,Norte
CL0508,9.0155,0.6121,2.9934,23.9556,4.9326,0.1374,Digital,1,Sur
CL0509,1.1194,0.2006,48.0005,NA,0.1381,0.4315,Ejecutivo,0,Sur
CL0510,24.8941,4.2316,27.2403,36.2784,9.3366,0.3102,Mixto,0,Norte
CL0511,4.2086,0.2906,11.4987,15.7312,0.0000,0.0300,Mixto,1,Centro
CL0512,8.5804,0.1891,1.0000,13.2482,5.8726,0.2455,Mixto,1,Centro
CL0513,10.2789,1.3090,8.1379,34.9835,5.9587,0.2059,Digital,1,Centro
CL0514,14.9402,0.9253,2.2399,14.4727,6.2293,0.2836,Ejecutivo,1,Sur
CL0515,5.3798,0.1092,38.8321,18.1946,3.1951,0.3246,Digital,1,Sur
CL0516,9.9341,1.0909,10.0565,25.2123,6.6525,0.2394,Ejecutivo,1,Norte
CL0517,1.4873,0.2998,61.1434,7.1172,2.8989,0.5220,Mixto,1,Centro
CL0518,6.8333,0.3036,55.2471,21.5019,0.0000,0.3500,Digital,1,Norte
CL0519,3.8646,0.2752,34.8308,28.4145,4.0550,0.3385,Mixto,0,Sur
CL0520,19.5706,1.3177,32.0569,13.7839,4.6224,0.3692,Ejecutivo,1,Norte
CL0521,29.0288,3.8051,31.0458,38.6571,4.8965,0.1993,Ejecutivo,1,Sur
CL0522,16.0461,1.8195,16.3667,26.3046,3.5700,0.3758,Mixto,1,Sur
CL0523,22.0946,4.1729,18.7004,28.8299,10.4575,0.2921,Mixto,1,Norte
CL0524,15.8468,0.7694,20.1788,32.6296,8.4772,0.3591,Digital,0,Centro
CL0525,4.4908,0.1160,11.3080,18.7082,2.1693,0.5966,Digital,1,Sur
CL0526,19.9294,1.7330,7.6048,24.7338,1.7852,0.1659,Ejecutivo,1,Sur
CL0527,2.2688,0.1366,43.8577,17.8017,2.1386,0.5139,Ejecutivo,0,Sur
CL0528,21.0895,1.4721,14.9892,26.7885,1.8437,0.4612,Mixto,1,Centro
CL0529,17.2560,0.6148,25.7313,32.1212,2.5515,0.1724,Ejecutivo,1,Centro
CL0530,19.0350,1.8444,9.8791,32.7380,4.7653,0.1405,Ejecutivo,0,Centro
CL0531,1.8650,0.2471,16.9780,16.9921,3.6894,0.2988,Mixto,1,Centro
CL0532,6.1846,0.3270,38.7856,13.9483,0.0000,0.3781,Digital,0,Centro
CL0533,13.9816,0.7395,25.4261,21.5728,4.6747,0.4397,Ejecutivo,1,Sur
CL0534,21.2538,1.0177,17.7754,18.7674,3.5312,0.2278,Digital,0,Centro
CL0535,13.7235,2.6863,33.5339,40.1627,8.2218,0.2825,Ejecutivo,0,Norte
CL0536,12.6553,1.1784,1.0000,31.9358,7.0141,0.4402,Ejecutivo,0,Sur
CL0537,7.1208,1.2301,8.5884,28.6347,6.4975,0.1328,Digital,0,Centro
CL0538,20.2256,0.4478,1.0000,31.0594,11.3841,0.1992,Digital,1,Centro
CL0539,25.4056,1.8501,27.7025,18.7229,5.5610,0.3096,Digital,1,Sur
CL0540,13.5793,0.9579,24.0104,16.9893,8.2489,0.1398,Mixto,0,Sur
CL0541,8.8439,2.9138,4.7581,33.9163,8.6630,0.3471,Mixto,1,Sur
CL0542,3.8465,0.5190,29.3156,17.3607,1.9569,0.4046,Digital,1,Norte
CL0543,21.3771,1.3213,1.0000,20.7070,5.1821,0.3198,Digital,1,Norte
CL0544,8.2052,0.2355,23.3799,10.7829,2.4798,0.5412,Ejecutivo,1,Centro
CL0545,21.3094,3.1991,47.3337,31.0934,8.3676,0.4116,Ejecutivo,0,Sur
CL0546,19.1044,2.0652,14.5734,11.8469,2.1878,0.3075,Digital,0,Sur
CL0547,15.2963,2.7251,19.3649,12.7161,1.9603,0.5317,Digital,1,Centro
CL0548,5.2079,0.2698,58.8523,24.0208,5.9383,0.3541,Ejecutivo,1,Centro
CL0549,3.0210,0.2312,30.2111,21.6272,1.9486,0.5567,Ejecutivo,0,Sur
CL0550,4.5781,0.1201,16.7100,18.5006,0.6850,0.0825,Mixto,1,Centro
CL0551,12.6175,0.6685,28.5112,19.9105,6.2063,0.1393,Mixto,1,Sur
CL0552,5.0637,0.2781,50.1213,13.7997,4.8170,0.1478,Ejecutivo,1,Sur
CL0553,7.8011,0.5283,20.3836,34.3326,4.4828,0.2646,Mixto,1,Centro
CL0554,10.5563,0.4373,1.5330,24.5363,5.3776,0.2232,Digital,1,Sur
CL0555,4.9353,0.6916,6.5213,24.6916,3.2111,0.0900,Mixto,1,Norte
CL0556,4.2813,0.3071,62.2990,19.3329,0.0000,0.5608,Digital,1,Sur
CL0557,4.0333,0.2049,31.1485,20.3622,3.0654,0.1522,Digital,0,Centro
CL0558,15.2492,0.7331,22.4340,31.0313,6.1463,0.3101,Ejecutivo,1,Norte
CL0559,19.1211,1.1267,9.2926,11.7122,1.5356,0.2210,Ejecutivo,1,Norte
CL0560,3.7135,0.4662,34.7559,16.0868,3.4296,0.3362,Digital,1,Sur
CL0561,10.9533,0.1526,68.1576,21.4889,3.6376,0.2430,Digital,1,Norte
CL0562,10.7746,0.2666,14.6783,31.5191,11.4192,0.3717,Mixto,0,Sur
CL0563,8.3471,0.2928,7.5079,23.6101,3.2376,0.4042,Digital,1,Sur
CL0564,1.0857,0.1064,29.2631,14.8549,0.3088,0.0833,Ejecutivo,0,Norte
CL0565,26.5524,2.5549,2.3404,22.5986,4.7005,0.2274,Mixto,0,Centro
CL0566,10.8074,4.3799,24.3307,33.9149,8.6207,0.5448,Mixto,1,Sur
CL0567,23.6522,1.5772,26.8504,16.4381,1.8065,0.2070,Digital,0,Centro
CL0568,2.9541,0.1452,56.9940,18.2428,4.7029,0.6218,Digital,1,Norte
CL0569,13.6459,0.9621,1.0000,20.0562,9.0476,0.4663,Ejecutivo,0,Sur
CL0570,5.1121,0.1694,39.9186,NA,0.0753,0.4213,Mixto,0,Sur
CL0571,8.6414,1.0534,31.4218,27.9040,6.3339,0.3302,Mixto,0,Centro
CL0572,23.8546,2.5706,25.1051,37.7241,9.8246,0.1504,Mixto,1,Norte
CL0573,11.1218,1.0182,1.0000,27.6218,2.9716,0.3356,Digital,0,Centro
CL0574,20.8473,2.0737,31.9611,13.2628,3.8926,0.2874,Digital,0,Centro
CL0575,29.5773,1.8733,33.3900,17.0299,0.0473,0.1996,Digital,1,Norte
CL0576,6.3750,0.1236,44.8742,18.3047,1.7323,0.0300,Mixto,1,Sur
CL0577,25.1843,0.9234,4.2676,25.4577,8.6477,0.1360,Ejecutivo,0,Norte
CL0578,6.0646,0.2351,30.9091,13.6241,1.3449,0.4691,Digital,1,Norte
CL0579,7.5139,0.3025,32.4464,15.8799,3.0760,0.2026,Digital,1,Centro
CL0580,4.6754,0.0884,34.2914,13.7345,3.1077,0.0300,Mixto,1,Centro
CL0581,16.2154,0.4997,32.9957,25.3473,7.4141,0.0300,Ejecutivo,1,Centro
CL0582,16.4692,1.1595,1.0000,18.4627,3.0389,0.3172,Ejecutivo,1,Centro
CL0583,2.7074,0.2983,27.1420,10.5057,4.0193,0.3381,Mixto,1,Sur
CL0584,13.2728,2.8598,26.1659,31.0887,10.2437,0.3251,Digital,1,Sur
CL0585,13.1141,0.7807,2.5654,22.4109,5.1924,0.2398,Mixto,1,Centro
CL0586,18.1116,0.5672,3.7584,23.8676,3.5246,0.2166,Digital,0,Sur
CL0587,8.4560,0.5816,46.3612,14.8884,2.1127,0.1322,Mixto,0,Norte
CL0588,24.6902,1.7605,5.5334,21.8983,1.3854,0.3673,Ejecutivo,1,Sur
CL0589,7.5137,0.1429,37.1329,14.7464,1.5848,0.1783,Mixto,0,Sur
CL0590,25.9088,0.4396,4.0601,12.8198,8.9861,0.1906,Digital,0,Sur
CL0591,36.4978,2.5617,1.7602,27.3640,1.5312,0.3018,Ejecutivo,0,Sur
CL0592,12.6536,0.9796,24.2248,17.1617,8.3224,0.5197,Ejecutivo,1,Sur
CL0593,21.4774,1.0007,33.8774,33.1276,8.0274,0.3431,Ejecutivo,1,Centro
CL0594,4.1803,0.2634,8.7124,20.4240,4.1109,0.5254,Ejecutivo,1,Sur
CL0595,3.6269,0.2531,39.1981,19.4857,2.2410,0.1430,Ejecutivo,1,Sur
CL0596,3.2063,0.0665,40.5944,18.5505,0.0000,0.2763,Mixto,0,Norte
CL0597,13.8890,0.7800,3.1320,37.1187,5.0558,0.1502,Digital,1,Sur
CL0598,17.4074,2.6813,28.6773,34.1054,7.9134,0.4634,Mixto,1,Norte
CL0599,26.5689,0.5082,31.7496,33.1236,7.6066,0.1023,Mixto,0,Sur
CL0600,20.5491,3.1548,39.6542,33.3546,11.9248,0.2322,Mixto,1,Centro
CL0601,6.6135,0.1950,50.5706,16.0484,7.2848,0.2528,Digital,1,Centro
CL0602,34.9713,1.2132,14.7286,12.5743,5.3401,0.3688,Digital,0,Sur
CL0603,21.1486,1.7507,1.0000,30.3300,5.8911,0.5419,Ejecutivo,0,Centro
CL0604,15.9672,1.9537,14.3481,NA,2.8637,0.2833,Digital,0,Centro
CL0605,13.1477,0.5213,28.2899,27.3124,9.0950,0.5078,Ejecutivo,1,Centro
CL0606,5.6787,0.3744,33.7381,9.6214,1.2658,0.5676,Mixto,1,Centro
CL0607,26.3270,2.0532,7.4746,35.8852,10.8224,0.1808,Mixto,1,Sur
CL0608,18.4147,1.0231,1.0000,24.7784,3.7296,0.4748,Mixto,0,Centro
CL0609,17.6699,2.9782,11.7992,12.0457,3.0980,0.4653,Mixto,1,Norte
CL0610,11.7034,0.7038,8.8473,31.4749,5.8957,0.4207,Mixto,1,Norte
CL0611,2.3159,0.2840,37.1943,17.3670,2.0941,0.3474,Mixto,1,Sur
CL0612,8.6386,0.9226,35.8354,19.7952,8.6995,0.2760,Mixto,0,Sur
CL0613,21.9012,1.3708,16.8180,11.7576,6.7931,0.3061,Digital,1,Sur
CL0614,25.9098,4.6834,38.4905,NA,9.4231,0.1410,Ejecutivo,1,Centro
CL0615,1.0000,0.1646,36.5545,23.4035,3.0282,0.3506,Digital,0,Centro
CL0616,8.0800,0.3511,31.7936,28.4155,1.3601,0.1496,Digital,0,Sur
CL0617,14.8218,1.8942,8.7071,18.7554,2.6155,0.3299,Digital,1,Centro
CL0618,17.1102,1.3007,23.1177,8.6522,6.2725,0.2057,Mixto,1,Sur
CL0619,14.8802,1.1464,3.8475,29.0911,6.5110,0.2642,Digital,1,Sur
CL0620,3.7327,1.8293,46.3070,27.2633,6.2793,0.3113,Mixto,1,Sur
CL0621,4.5891,0.0539,19.0768,NA,1.0477,0.2896,Mixto,0,Norte
CL0622,30.7203,1.5780,11.4123,22.0878,1.9268,0.1251,Ejecutivo,0,Sur
CL0623,20.0972,2.1311,33.4098,32.4059,9.5246,0.3195,Digital,1,Centro
CL0624,15.2874,0.9975,30.1096,29.5168,7.0549,0.4201,Digital,0,Norte
CL0625,9.3833,0.6348,14.5549,19.7584,4.0692,0.1251,Mixto,1,Centro
CL0626,14.7827,0.4728,16.3920,28.0543,3.0211,0.4566,Ejecutivo,0,Sur
CL0627,11.7079,0.4954,20.4093,25.2609,6.4282,0.2728,Mixto,1,Centro
CL0628,3.5233,0.1650,36.6838,NA,3.4430,0.0788,Digital,0,Sur
CL0629,16.8219,0.7727,2.8390,20.2131,5.2496,0.2527,Digital,0,Centro
CL0630,1.0000,0.2861,18.7066,15.0940,1.6858,0.3152,Digital,0,Norte
CL0631,15.4290,0.4290,16.6134,28.5702,5.9021,0.1087,Mixto,0,Sur
CL0632,13.4903,0.5661,5.6380,24.7205,7.8163,0.0675,Mixto,1,Sur
CL0633,11.8231,0.5866,1.0000,26.5833,5.5375,0.0300,Mixto,0,Sur
CL0634,26.9715,0.2883,1.0000,21.0130,5.0452,0.1267,Digital,0,Norte
CL0635,4.5099,0.2329,47.7219,14.7360,1.6732,0.6880,Mixto,0,Centro
CL0636,7.9175,1.0397,15.1329,26.3108,7.7871,0.3937,Digital,0,Norte
CL0637,31.4385,7.7079,7.7838,21.0742,1.0922,0.5799,Ejecutivo,1,Centro
CL0638,19.5195,0.8912,1.0000,27.6439,7.3652,0.2172,Mixto,0,Centro
CL0639,16.8714,0.7269,30.9426,15.8830,4.6420,0.5235,Mixto,0,Centro
CL0640,10.8984,1.0515,15.6082,30.7056,5.0524,0.4108,Digital,1,Sur
CL0641,1.3454,0.7165,1.0000,19.0193,5.1055,0.5880,Ejecutivo,0,Norte
CL0642,11.4174,0.7017,19.4293,34.1875,6.9859,0.0811,Ejecutivo,1,Norte
CL0643,8.1092,3.5210,1.0000,31.0168,10.9127,0.2491,Digital,1,Norte
CL0644,5.0005,0.1269,17.8504,13.1024,3.5488,0.4429,Mixto,1,Sur
CL0645,5.9487,0.1413,37.0451,21.4465,2.5872,0.3734,Digital,0,Sur
CL0646,4.3629,0.2548,41.5757,14.7615,4.8001,0.4275,Mixto,1,Sur
CL0647,4.2710,0.3019,22.5017,23.3472,3.7025,0.4881,Ejecutivo,0,Sur
CL0648,5.5583,1.0584,27.4952,33.5753,5.8747,0.5435,Ejecutivo,0,Sur
CL0649,12.1270,2.6230,39.8950,30.5541,7.8795,0.2551,Digital,0,Centro
CL0650,28.7395,2.0939,28.6873,34.4302,10.8750,0.5674,Ejecutivo,0,Centro
CL0651,25.6746,1.7867,33.2361,14.5534,9.4896,0.2590,Ejecutivo,1,Centro
CL0652,29.1670,3.5012,30.8290,36.7975,8.7924,0.3033,Mixto,1,Centro
CL0653,13.7722,2.8870,45.3915,40.0455,6.5125,0.2436,Mixto,1,Sur
CL0654,8.4349,0.1557,47.0634,20.6191,2.5667,0.2239,Digital,0,Sur
CL0655,17.7681,0.4555,16.4622,20.5790,4.7787,0.4907,Ejecutivo,0,Norte
CL0656,26.1649,2.0219,28.6329,24.5435,7.1481,0.1838,Mixto,0,Centro
CL0657,23.2271,0.6298,2.1376,41.7469,7.3032,0.1095,Ejecutivo,1,Norte
CL0658,41.4359,3.9645,1.0000,29.5934,8.7186,0.3277,Ejecutivo,1,Sur
CL0659,1.6631,0.2564,35.7432,19.1248,4.1549,0.1227,Ejecutivo,1,Centro
CL0660,12.8731,0.7709,2.3071,29.2792,6.4547,0.2841,Ejecutivo,1,Sur
CL0721,13.9817,1.1521,11.9870,27.6941,6.6899,0.3461,Mixto,1,Norte
CL0722,12.3388,1.0688,12.9597,23.3160,5.9607,0.3020,Ejecutivo,1,Sur
CL0723,1.2003,0.1443,44.8416,28.0500,4.8942,0.4116,Digital,1,Centro
CL0724,5.7238,0.3358,39.1276,3.0512,0.5481,0.1085,Mixto,0,Norte
CL0725,9.6388,0.2269,32.2764,27.7575,4.5666,0.5001,Digital,0,Sur
CL0726,6.6108,0.1958,23.1569,15.8845,2.3533,0.1940,Digital,0,Sur
CL0727,11.4105,1.3091,17.2644,28.2687,8.6099,0.3041,Ejecutivo,1,Norte
CL0728,7.6007,0.1721,34.1817,17.7312,1.2606,0.0920,Mixto,1,Centro
CL0729,25.8184,1.4880,7.0472,18.7571,4.0190,0.6265,Digital,0,Norte
CL0730,7.2968,1.0164,6.4708,27.3947,8.2472,0.4214,Mixto,0,Centro
CL0731,21.8267,2.6846,7.5904,14.1674,2.5315,0.0375,Ejecutivo,0,Centro
CL0732,11.2245,2.2874,28.1593,27.5604,3.2282,0.4607,Digital,1,Sur
CL0733,6.5745,0.1767,44.9307,11.4073,6.6217,0.4292,Mixto,1,Centro
CL0734,33.2914,5.8998,27.6611,23.7012,3.1642,0.5370,Digital,1,Norte
CL0735,2.1879,0.9516,35.9262,NA,5.4338,0.1884,Digital,1,Norte
CL0736,1.3732,4.3681,25.0631,42.2628,12.1055,0.0807,Ejecutivo,1,Centro
CL0737,10.7618,0.1959,37.4329,8.5845,2.4468,0.3637,Mixto,0,Norte
CL0738,9.5648,0.5220,17.3039,26.6775,6.7323,0.4456,Mixto,1,Centro
CL0739,6.3381,0.3071,44.1302,12.6028,2.7123,0.1510,Ejecutivo,1,Norte
CL0740,9.8303,0.2861,52.4100,27.3967,4.9683,0.4456,Ejecutivo,0,Sur
CL0741,1.2602,0.2300,36.8837,28.4373,2.0893,0.4046,Digital,0,Norte
CL0742,23.4805,2.5922,12.5734,22.8369,3.8361,0.2067,Ejecutivo,0,Norte
CL0743,13.2707,1.1130,21.1116,23.4758,11.8652,0.3560,Mixto,0,Centro
CL0744,17.5705,1.1456,8.1762,29.6087,7.2317,0.3289,Digital,1,Sur
CL0745,28.3936,2.1593,14.5763,20.2287,4.0970,0.3217,Mixto,0,Sur
CL0746,22.7210,2.8809,15.1379,30.2655,11.6331,0.3748,Ejecutivo,1,Sur
CL0747,18.0886,1.3424,4.0268,19.2979,5.3055,0.5329,Digital,0,Norte
CL0748,4.9421,2.8359,56.0829,37.6882,8.8443,0.2394,Digital,0,Centro
CL0749,10.4843,0.7082,1.0000,30.7705,8.3936,0.3617,Ejecutivo,1,Sur
CL0750,6.5792,0.9384,19.4989,17.8303,5.5579,0.2680,Digital,1,Centro
CL0751,16.5087,0.5865,16.2278,11.3468,4.0433,0.3075,Ejecutivo,1,Sur
CL0752,12.1959,3.2577,30.1278,38.6196,8.8670,0.1264,Mixto,1,Centro
CL0753,2.9257,0.2835,42.6287,16.2286,3.2474,0.2644,Digital,0,Centro
CL0754,26.6150,1.3610,1.7464,6.5408,2.8663,0.4073,Ejecutivo,0,Norte
CL0755,14.3172,0.7486,18.8492,24.9719,5.3671,0.3543,Digital,0,Sur
CL0756,16.0758,4.2455,31.2275,31.6076,14.6133,0.2694,Ejecutivo,0,Centro
CL0757,5.9242,0.2779,5.7328,11.6096,0.0425,0.4002,Mixto,1,Norte
CL0758,16.8944,1.8852,1.0000,15.0708,2.8618,0.1639,Digital,0,Sur
CL0759,3.6583,0.0753,40.3453,3.0000,0.4329,0.4104,Mixto,0,Norte
CL0760,15.5904,0.8186,16.5637,21.5504,4.1540,0.0622,Mixto,0,Sur
CL0761,27.4730,1.1031,1.0000,25.2345,2.9222,0.2666,Ejecutivo,1,Norte
CL0762,11.8093,0.3364,18.5862,21.8264,8.6346,0.4268,Digital,1,Sur
CL0763,17.4574,0.5954,39.5432,19.6174,6.1829,0.2359,Ejecutivo,1,Centro
CL0764,7.6304,0.2803,42.8304,NA,1.3054,0.3629,Digital,0,Sur
CL0765,4.1865,0.3460,41.3044,20.0257,3.7282,0.2292,Mixto,1,Centro
CL0766,24.1005,1.9194,1.0000,25.3340,1.0879,0.0761,Ejecutivo,0,Sur
CL0767,10.8272,2.3317,16.9151,41.0419,9.9054,0.2323,Digital,0,Centro
CL0768,6.1352,0.0774,33.9744,16.3464,4.6326,0.4230,Ejecutivo,1,Sur
CL0769,7.2589,0.2599,18.3713,16.8815,2.0499,0.2109,Digital,1,Norte
CL0770,25.9995,1.7651,2.4506,19.1414,3.7787,0.3949,Ejecutivo,0,Norte
CL0771,31.0864,2.6789,40.7845,35.2174,8.1451,0.0300,Mixto,0,Centro
CL0772,3.7381,0.2726,13.9865,23.2201,1.3030,0.4334,Digital,1,Norte
CL0773,6.9129,1.4367,23.5474,16.8910,5.4217,0.0392,Mixto,1,Sur
CL0774,8.8399,1.1378,8.3754,25.6998,3.7338,0.5494,Ejecutivo,1,Sur
CL0775,19.5311,3.9700,10.2403,25.0214,7.3162,0.2206,Ejecutivo,1,Norte
CL0776,1.4496,0.2153,38.3307,20.2539,0.0000,0.3136,Ejecutivo,1,Centro
CL0777,24.9740,1.7062,5.0760,22.0979,3.7508,0.1642,Ejecutivo,1,Norte
CL0778,10.4479,0.1670,12.6051,14.8250,1.4407,0.1732,Digital,0,Sur
CL0779,7.3516,0.5569,17.7200,20.6294,3.6976,0.4669,Ejecutivo,0,Sur
CL0780,1.0761,0.0731,22.2215,12.2407,0.9325,0.1317,Digital,1,Norte
