pedido_id,semana,centro,canal,camiones_cola,distancia_km,holgura_min,revision_documental,urgente,incidencias_previas,carga_proxy,atraso,compensacion_real_clp
P0001,1,Norte,Web,5,14.2881,15.5383,1,0,1,5.0370,1,112403.9155
P0002,1,Norte,Sucursal,6,NA,26.5230,0,0,0,6.3333,0,0.0000
P0003,1,Norte,Web,7,170.9390,34.8901,0,0,1,7.4624,0,0.0000
P0004,1,Sur,Empresa,7,78.4568,9.8048,0,0,2,6.5842,0,0.0000
P0005,1,Centro,Sucursal,8,57.6111,16.5810,1,0,2,7.7561,1,120976.8529
P0006,1,Sur,Empresa,6,49.4136,18.8635,0,0,3,5.9869,0,0.0000
P0007,1,Sur,Sucursal,5,140.2521,36.2876,0,1,1,5.6194,0,0.0000
P0008,1,Norte,Sucursal,9,90.6699,8.9822,0,1,1,8.7220,0,0.0000
P0009,1,Sur,Sucursal,5,74.9814,39.0920,0,0,0,5.2166,0,0.0000
P0010,1,Sur,Sucursal,4,78.2518,35.5878,0,0,1,4.0386,1,113480.6690
P0011,1,Centro,Web,6,NA,15.4655,0,0,0,5.6619,0,0.0000
P0012,1,Norte,Sucursal,7,82.4083,8.0381,0,0,2,6.7913,0,0.0000
P0013,1,Sur,Empresa,9,179.3483,27.4288,1,0,1,8.9785,0,0.0000
P0014,1,Sur,Sucursal,4,68.5428,21.8980,0,0,0,3.3584,0,0.0000
P0015,1,Sur,Web,2,123.6464,27.4222,0,0,1,2.1269,0,0.0000
P0016,1,Norte,Sucursal,11,15.5518,16.8210,0,0,1,11.3842,0,0.0000
P0017,1,Sur,Empresa,3,40.3325,39.9833,0,0,2,3.5076,0,0.0000
P0018,1,Norte,Sucursal,6,75.1139,28.8479,0,0,0,5.9998,1,104586.7966
P0019,1,Sur,Web,3,99.2763,26.8594,1,0,1,3.0852,0,0.0000
P0020,1,Sur,Web,1,88.5586,8.1054,0,0,1,0.8500,0,0.0000
P0021,1,Centro,Empresa,4,17.5203,22.4113,0,1,0,4.4443,0,0.0000
P0022,1,Centro,Web,10,13.5322,24.0046,0,0,0,9.9400,0,0.0000
P0023,1,Centro,Empresa,6,105.2800,38.8527,0,0,0,5.7969,0,0.0000
P0024,1,Norte,Sucursal,6,118.1221,7.7871,0,1,3,5.9545,1,124023.6673
P0025,1,Sur,Sucursal,5,168.9560,23.4351,0,1,2,4.9809,0,0.0000
P0026,1,Norte,Empresa,4,9.6670,12.3505,1,0,0,3.8372,1,124322.0421
P0027,1,Centro,Web,9,102.1746,27.6554,0,1,2,8.8675,0,0.0000
P0028,1,Sur,Empresa,7,8.5378,12.6643,0,0,2,6.7907,0,0.0000
P0029,1,Centro,Empresa,4,104.2757,17.7174,0,0,3,3.8164,0,0.0000
P0030,1,Sur,Sucursal,8,124.9474,12.5004,1,1,1,7.5182,1,127397.5507
P0031,1,Centro,Sucursal,10,97.5031,13.6005,0,1,2,10.0466,1,117395.5996
P0032,1,Norte,Empresa,4,89.0577,11.6002,1,0,1,3.6886,0,0.0000
P0033,1,Centro,Web,11,65.1109,32.8606,0,1,2,10.8192,0,0.0000
P0034,1,Norte,Web,5,83.7016,15.0573,0,1,0,5.6072,0,0.0000
P0035,1,Sur,Sucursal,9,177.5758,13.4833,0,1,0,9.1719,0,0.0000
P0036,1,Sur,Empresa,10,169.0496,29.6490,1,1,0,10.1632,1,128822.2798
P0037,1,Norte,Sucursal,11,30.5365,23.4819,0,0,2,10.9850,0,0.0000
P0038,1,Norte,Sucursal,6,44.5183,21.5948,0,0,1,6.2398,0,0.0000
P0039,1,Norte,Empresa,9,71.6020,20.0398,0,0,1,9.1192,0,0.0000
P0040,1,Norte,Web,5,27.2715,6.0782,0,1,1,4.7912,0,0.0000
P0041,1,Norte,Empresa,9,118.5807,19.6950,0,0,3,9.0545,0,0.0000
P0042,1,Centro,Sucursal,4,20.1841,12.2411,0,0,2,3.6730,0,0.0000
P0043,1,Centro,Empresa,4,65.0177,20.3413,0,1,2,3.6378,0,0.0000
P0044,1,Centro,Sucursal,7,132.1302,10.3880,0,1,1,7.2303,0,0.0000
P0045,1,Sur,Sucursal,4,149.0073,25.1767,1,0,2,3.7753,1,124755.4597
P0046,1,Sur,Empresa,8,26.5115,23.8487,0,0,0,7.0980,0,0.0000
P0047,1,Norte,Sucursal,5,75.4587,22.0681,1,0,0,4.1939,1,126617.3340
P0048,1,Centro,Sucursal,10,113.0591,22.1764,0,0,0,10.0488,0,0.0000
P0049,1,Norte,Sucursal,6,143.3500,28.9447,0,0,0,6.7441,0,0.0000
P0050,1,Centro,Sucursal,9,93.5139,27.7258,1,0,3,8.9169,0,0.0000
P0051,1,Norte,Web,9,NA,13.3980,0,0,0,9.8486,1,108415.0658
P0052,1,Centro,Empresa,8,60.5255,24.9584,0,0,4,7.9720,0,0.0000
P0053,1,Sur,Sucursal,11,110.1969,26.3022,0,0,1,11.2460,0,0.0000
P0054,1,Norte,Empresa,7,130.5828,35.4405,0,0,0,7.2695,0,0.0000
P0055,1,Centro,Web,5,73.2565,26.2507,1,0,0,4.8255,0,0.0000
P0056,1,Sur,Web,6,10.7161,10.7497,0,0,1,5.2043,0,0.0000
P0057,1,Sur,Empresa,6,116.4648,14.8522,0,0,3,6.3298,0,0.0000
P0058,1,Norte,Web,6,128.3011,20.1611,0,0,2,5.7979,0,0.0000
P0059,1,Centro,Empresa,3,66.1532,15.2969,0,0,4,3.1506,1,133336.7810
P0060,1,Sur,Sucursal,11,28.5472,34.6185,0,0,1,10.5604,0,0.0000
P0061,1,Centro,Web,6,36.7222,28.4333,0,0,2,6.0164,0,0.0000
P0062,1,Centro,Sucursal,2,108.8324,21.3387,0,0,2,2.5694,0,0.0000
P0063,1,Norte,Sucursal,2,169.9809,30.4517,0,0,0,1.7763,0,0.0000
P0064,1,Centro,Empresa,4,58.0657,29.8138,0,0,2,4.2661,1,126984.5110
P0065,1,Norte,Empresa,2,148.1484,11.3032,0,0,0,1.6490,0,0.0000
P0066,1,Sur,Empresa,4,16.6037,30.0543,1,0,1,4.1224,0,0.0000
P0067,1,Centro,Empresa,4,92.6350,30.4449,0,0,3,3.5290,0,0.0000
P0068,1,Norte,Sucursal,8,158.3532,15.9970,1,0,2,8.1071,1,114613.7574
P0069,1,Norte,Sucursal,6,19.7713,8.7660,0,1,0,6.4905,0,0.0000
P0070,1,Norte,Sucursal,7,78.0460,26.8519,0,0,3,7.1127,0,0.0000
P0071,1,Sur,Empresa,6,140.7915,29.7338,1,0,0,6.0711,0,0.0000
P0072,1,Centro,Sucursal,9,53.5525,13.8066,0,0,0,9.1505,1,133320.7992
P0073,1,Norte,Empresa,10,167.2229,15.1401,0,0,1,9.3097,1,132859.7787
P0074,1,Centro,Empresa,4,65.4152,33.3342,0,0,1,3.6277,0,0.0000
P0075,1,Sur,Web,9,102.5289,22.7942,0,1,0,9.1264,0,0.0000
P0076,1,Centro,Sucursal,4,11.5119,32.7822,0,0,2,3.7358,0,0.0000
P0077,1,Sur,Web,3,36.5521,12.7761,0,0,1,3.0655,0,0.0000
P0078,1,Centro,Sucursal,6,97.0854,31.9597,0,0,2,5.3319,0,0.0000
P0079,1,Centro,Sucursal,8,70.7694,31.7333,0,0,1,8.1664,0,0.0000
P0080,1,Norte,Web,6,24.1148,33.1201,0,0,2,6.3411,0,0.0000
P0081,1,Centro,Web,2,49.2507,35.7516,0,1,0,1.5134,0,0.0000
P0082,1,Sur,Sucursal,13,33.1649,12.6760,0,1,0,13.5558,1,115708.3159
P0083,1,Norte,Sucursal,10,57.9448,6.9747,0,0,0,9.4385,0,0.0000
P0084,1,Sur,Sucursal,3,12.3517,33.3859,1,0,1,3.2532,0,0.0000
P0085,1,Sur,Web,4,47.7632,14.9378,0,0,1,3.7362,0,0.0000
P0086,1,Centro,Web,3,137.9152,28.7346,1,0,3,2.8842,0,0.0000
P0087,1,Norte,Empresa,4,28.6295,35.7360,0,0,1,4.3747,0,0.0000
P0088,1,Sur,Sucursal,8,97.5543,7.5250,0,1,1,7.5794,1,117116.0182
P0089,1,Norte,Empresa,5,138.0283,10.4954,0,0,1,4.6462,1,126684.7831
P0090,1,Norte,Web,8,125.4841,11.8863,0,0,3,7.7112,1,125281.1050
P0091,1,Centro,Web,5,87.5891,10.9495,0,0,0,5.4813,0,0.0000
P0092,1,Centro,Sucursal,1,44.6307,13.3323,0,0,4,1.1348,0,0.0000
P0093,1,Centro,Web,9,26.2616,18.1640,1,1,0,8.6117,0,0.0000
P0094,1,Sur,Sucursal,4,89.6031,21.0991,0,0,0,4.2257,0,0.0000
P0095,1,Sur,Sucursal,3,155.1754,33.6381,1,0,0,3.5535,0,0.0000
P0096,1,Centro,Empresa,2,162.1072,37.8628,0,0,1,2.3247,0,0.0000
P0097,1,Norte,Web,6,178.6741,15.4263,1,0,1,5.5973,1,123180.4166
P0098,1,Centro,Sucursal,6,99.4554,7.9681,0,0,1,5.5385,1,118846.3330
P0099,1,Centro,Sucursal,4,94.1605,19.5280,0,1,0,3.9347,0,0.0000
P0100,1,Sur,Web,4,133.9706,38.4324,0,1,1,4.3015,0,0.0000
P0101,2,Sur,Empresa,7,139.0386,9.5260,0,0,0,7.4565,0,0.0000
P0102,2,Norte,Sucursal,6,141.4183,30.4508,0,0,1,6.4942,0,0.0000
P0103,2,Centro,Web,6,130.0934,27.1327,0,0,2,6.1446,0,0.0000
P0104,2,Sur,Web,5,13.1249,16.6494,0,1,0,6.0741,1,117730.9606
P0105,2,Norte,Web,5,147.5059,6.7372,0,0,0,5.2129,0,0.0000
P0106,2,Sur,Empresa,4,101.0092,27.0378,0,0,3,4.1970,0,0.0000
P0107,2,Centro,Web,5,159.0865,14.6624,0,0,2,5.2865,0,0.0000
P0108,2,Norte,Web,3,170.7409,8.2162,0,0,1,3.7088,0,0.0000
P0109,2,Sur,Sucursal,5,85.2805,39.0076,1,1,1,4.5021,0,0.0000
P0110,2,Norte,Web,4,71.8261,11.2393,0,0,0,3.6846,0,0.0000
P0111,2,Norte,Sucursal,7,176.3377,20.6157,0,0,0,6.4770,1,110708.3606
P0112,2,Norte,Empresa,7,34.3189,38.1148,0,0,1,7.3914,0,0.0000
P0113,2,Centro,Web,4,64.7153,10.9962,0,0,0,3.8202,0,0.0000
P0114,2,Sur,Sucursal,1,153.4216,39.8924,0,0,1,1.0803,0,0.0000
P0115,2,Norte,Web,3,60.9143,23.8532,1,0,0,2.9491,0,0.0000
P0116,2,Centro,Sucursal,6,70.8496,22.3436,0,0,2,5.8432,0,0.0000
P0117,2,Sur,Empresa,2,121.6477,22.7868,0,0,0,1.4836,1,117548.9654
P0118,2,Norte,Empresa,4,32.2130,5.3698,0,0,0,4.0402,1,120110.2878
P0119,2,Sur,Web,5,176.2680,22.3523,0,0,0,5.1947,0,0.0000
P0120,2,Norte,Web,9,108.4238,15.6844,0,0,0,9.5132,0,0.0000
P0121,2,Norte,Empresa,7,150.1275,20.2550,0,0,3,7.5784,0,0.0000
P0122,2,Norte,Empresa,4,11.4351,18.8239,0,0,2,3.9218,0,0.0000
P0123,2,Norte,Empresa,8,28.7811,33.3081,1,0,0,8.0444,0,0.0000
P0124,2,Sur,Sucursal,7,164.8427,20.7810,0,0,1,7.1876,0,0.0000
P0125,2,Centro,Sucursal,9,126.9778,21.1358,0,0,0,8.8244,0,0.0000
P0126,2,Centro,Web,7,NA,24.2879,0,1,0,7.4158,0,0.0000
P0127,2,Norte,Empresa,8,62.0037,39.1393,0,0,2,7.9090,0,0.0000
P0128,2,Sur,Empresa,5,38.7775,34.0525,0,1,1,4.1484,0,0.0000
P0129,2,Norte,Web,1,148.0521,29.5353,0,0,1,0.7905,0,0.0000
P0130,2,Norte,Empresa,7,11.6432,15.3927,0,0,0,7.1632,1,117462.3166
P0131,2,Norte,Web,6,56.8606,30.0107,0,0,2,5.8209,0,0.0000
P0132,2,Centro,Web,9,129.7207,21.9721,1,0,4,9.2029,1,125675.1570
P0133,2,Sur,Sucursal,3,152.6121,22.1993,0,0,0,2.9399,0,0.0000
P0134,2,Centro,Sucursal,7,138.9615,16.7166,0,0,0,7.1021,0,0.0000
P0135,2,Sur,Sucursal,4,154.2048,36.0249,0,0,3,4.8618,0,0.0000
P0136,2,Sur,Sucursal,7,116.1686,29.0954,1,1,1,6.9768,0,0.0000
P0137,2,Centro,Empresa,5,20.4599,9.9733,0,0,1,4.5957,0,0.0000
P0138,2,Sur,Empresa,5,71.6046,20.5569,1,0,2,4.7783,0,0.0000
P0139,2,Norte,Web,5,111.6296,10.6498,1,0,2,5.3987,0,0.0000
P0140,2,Sur,Web,6,13.3477,16.2569,0,0,1,5.7871,0,0.0000
P0141,2,Norte,Empresa,3,63.0017,20.5718,0,0,2,2.5336,0,0.0000
P0142,2,Centro,Web,5,53.8349,22.3225,0,0,0,5.3656,0,0.0000
P0143,2,Centro,Sucursal,5,77.5948,19.0701,0,0,2,5.3412,0,0.0000
P0144,2,Norte,Web,4,96.4520,8.8322,0,0,0,4.4898,0,0.0000
P0145,2,Norte,Web,6,145.2652,14.5619,0,0,1,6.2491,0,0.0000
P0146,2,Centro,Sucursal,5,57.7742,14.4365,0,1,3,4.3707,0,0.0000
P0147,2,Centro,Empresa,2,17.9572,37.2702,0,0,2,1.6181,0,0.0000
P0148,2,Centro,Sucursal,6,152.7155,37.8719,0,1,0,6.1629,0,0.0000
P0149,2,Sur,Web,6,95.3768,21.4163,0,1,0,5.5001,0,0.0000
P0150,2,Norte,Web,7,151.9597,35.5177,0,0,1,7.9575,0,0.0000
P0151,2,Norte,Web,4,36.7805,30.4769,0,0,1,3.6983,0,0.0000
P0152,2,Sur,Sucursal,6,140.0476,8.3850,1,1,0,6.1365,1,129153.9887
P0153,2,Norte,Empresa,6,44.1877,39.4064,1,0,1,5.8154,1,105516.5685
P0154,2,Centro,Empresa,9,157.3541,13.1829,0,0,2,9.3588,1,119752.3547
P0155,2,Sur,Sucursal,11,43.3203,25.6037,0,1,2,10.5395,0,0.0000
P0156,2,Norte,Web,5,53.5625,29.1044,0,0,3,5.0351,0,0.0000
P0157,2,Sur,Sucursal,1,47.9776,33.9962,0,1,1,0.6344,0,0.0000
P0158,2,Centro,Sucursal,4,64.5683,20.8732,0,0,1,4.2214,0,0.0000
P0159,2,Norte,Empresa,6,40.9541,15.8150,0,0,0,6.3077,0,0.0000
P0160,2,Centro,Sucursal,8,142.0511,28.8427,0,0,3,7.8198,0,0.0000
P0161,2,Sur,Sucursal,10,75.5786,28.0482,0,0,0,9.8731,0,0.0000
P0162,2,Centro,Web,3,80.4700,28.9546,0,0,0,3.4808,0,0.0000
P0163,2,Sur,Empresa,9,108.3872,26.5318,0,0,0,8.7568,0,0.0000
P0164,2,Centro,Sucursal,8,113.8587,9.8862,0,0,0,8.2155,0,0.0000
P0165,2,Norte,Web,3,137.3118,19.8951,1,0,0,3.4182,1,125509.6543
P0166,2,Norte,Web,3,11.6551,26.6132,0,0,1,3.3710,0,0.0000
P0167,2,Centro,Empresa,7,35.5517,5.3893,0,0,1,7.4014,0,0.0000
P0168,2,Centro,Empresa,3,17.1258,9.0193,0,0,2,2.9449,0,0.0000
P0169,2,Centro,Sucursal,4,5.0333,38.4783,0,0,0,3.9185,0,0.0000
P0170,2,Centro,Sucursal,12,71.4350,25.6890,0,1,3,11.7519,0,0.0000
P0171,2,Norte,Web,10,111.3491,31.3048,0,0,0,10.1343,0,0.0000
P0172,2,Centro,Sucursal,7,141.9373,25.3734,1,0,2,7.2246,1,139252.8211
P0173,2,Sur,Empresa,6,74.2774,14.2129,0,0,2,6.5717,0,0.0000
P0174,2,Sur,Empresa,7,165.9552,17.2529,0,1,0,6.2559,0,0.0000
P0175,2,Sur,Empresa,6,32.8588,39.0856,0,0,0,5.2302,0,0.0000
P0176,2,Norte,Sucursal,5,127.5433,8.9732,0,0,1,4.7583,0,0.0000
P0177,2,Sur,Empresa,7,74.2119,38.4497,0,0,2,6.7338,0,0.0000
P0178,2,Centro,Web,5,136.7366,35.6058,0,1,1,4.0047,0,0.0000
P0179,2,Centro,Empresa,13,57.0750,12.1346,0,1,3,12.1252,0,0.0000
P0180,2,Centro,Sucursal,9,171.9935,6.4897,0,0,4,8.8000,1,129142.1207
P0181,2,Centro,Sucursal,6,93.2373,8.4349,0,0,1,6.1174,0,0.0000
P0182,2,Sur,Sucursal,13,99.9328,25.5467,0,0,1,12.8952,0,0.0000
P0183,2,Sur,Empresa,5,95.5439,25.1162,0,1,1,5.8236,0,0.0000
P0184,2,Sur,Empresa,5,124.2091,30.0660,1,0,1,4.4504,0,0.0000
P0185,2,Sur,Web,4,51.9572,17.6044,0,0,2,3.0831,0,0.0000
P0186,2,Sur,Web,3,132.0991,39.1721,0,1,4,3.3387,0,0.0000
P0187,2,Sur,Web,2,175.1346,16.6650,0,1,0,2.4041,1,113593.8789
P0188,2,Norte,Sucursal,4,115.5058,33.4204,1,0,3,4.0035,0,0.0000
P0189,2,Norte,Web,9,168.0549,6.1727,0,1,2,8.3221,1,118037.9739
P0190,2,Sur,Empresa,4,142.5782,17.8266,0,0,4,3.3824,0,0.0000
P0191,2,Sur,Web,6,118.8923,5.8647,1,1,1,5.4555,0,0.0000
P0192,2,Norte,Empresa,9,133.7748,8.1925,0,0,0,8.4495,1,121496.2673
P0193,2,Centro,Sucursal,5,146.1597,23.0375,1,0,0,4.7726,0,0.0000
P0194,2,Centro,Web,5,113.3716,36.3158,0,0,1,4.7726,0,0.0000
P0195,2,Sur,Web,4,108.0007,30.5562,0,0,1,4.2328,0,0.0000
P0196,2,Norte,Web,5,7.4235,14.5123,0,1,1,4.0216,1,108186.0423
P0197,2,Sur,Web,8,31.3965,11.8391,0,0,1,7.1125,0,0.0000
P0198,2,Centro,Web,10,67.1541,13.4364,1,0,0,10.4021,1,121984.8817
P0199,2,Sur,Sucursal,7,116.8124,32.3743,0,0,2,7.5231,1,124121.5621
P0200,2,Sur,Web,4,109.5204,16.8034,0,0,0,4.0278,0,0.0000
P0201,3,Centro,Web,4,177.7933,38.2954,0,0,4,4.1631,0,0.0000
P0202,3,Centro,Sucursal,4,57.9120,29.0400,0,0,0,4.4023,0,0.0000
P0203,3,Norte,Sucursal,12,95.1548,22.8581,0,0,2,11.9782,0,0.0000
P0204,3,Sur,Sucursal,5,69.3727,21.0099,0,1,0,4.8048,0,0.0000
P0205,3,Sur,Web,4,9.2894,25.3386,0,1,2,3.9365,0,0.0000
P0206,3,Centro,Web,8,149.8763,31.5919,0,1,1,7.0235,0,0.0000
P0207,3,Sur,Sucursal,5,87.4036,24.3139,0,0,3,4.4169,0,0.0000
P0208,3,Norte,Sucursal,9,179.3927,28.2985,0,0,0,8.8530,0,0.0000
P0209,3,Centro,Empresa,5,132.4567,38.6960,0,0,0,5.3467,0,0.0000
P0210,3,Centro,Web,8,174.8554,13.5385,0,1,0,7.8819,1,124674.1207
P0211,3,Sur,Empresa,4,127.2939,20.1452,0,0,1,3.5143,0,0.0000
P0212,3,Centro,Sucursal,6,5.3476,25.5182,0,0,6,5.5416,0,0.0000
P0213,3,Sur,Web,4,76.3618,19.5720,0,0,1,4.2942,0,0.0000
P0214,3,Norte,Empresa,4,94.8001,12.7819,0,0,1,3.4713,0,0.0000
P0215,3,Sur,Web,9,NA,21.9392,0,0,0,8.9464,0,0.0000
P0216,3,Norte,Sucursal,4,95.4166,9.1646,0,0,1,3.2939,0,0.0000
P0217,3,Centro,Empresa,12,92.8051,13.1207,0,0,3,12.6402,0,0.0000
P0218,3,Norte,Empresa,5,66.4773,30.4081,0,0,1,4.5006,0,0.0000
P0219,3,Centro,Sucursal,7,99.7192,38.3293,0,0,2,7.1198,0,0.0000
P0220,3,Centro,Web,4,99.6291,19.0052,0,0,1,4.1575,0,0.0000
P0221,3,Norte,Web,6,50.5712,35.5014,1,1,2,5.7724,1,119150.8781
P0222,3,Norte,Sucursal,6,59.5652,18.6168,1,0,0,5.8786,0,0.0000
P0223,3,Norte,Sucursal,5,135.3713,25.1733,0,0,1,5.2634,0,0.0000
P0224,3,Norte,Web,4,27.9759,27.4183,1,0,0,3.9376,0,0.0000
P0225,3,Sur,Empresa,7,41.4907,22.8695,0,1,2,6.9095,0,0.0000
P0226,3,Centro,Empresa,5,30.7476,39.7234,0,0,1,5.8352,0,0.0000
P0227,3,Norte,Empresa,10,76.5243,35.8367,0,1,0,9.6635,0,0.0000
P0228,3,Sur,Web,10,NA,29.0416,0,0,1,9.4302,0,0.0000
P0229,3,Norte,Sucursal,14,137.5471,25.9828,0,0,0,13.8017,0,0.0000
P0230,3,Sur,Empresa,4,158.3170,20.5529,0,0,1,4.3324,1,123570.0358
P0231,3,Sur,Sucursal,7,166.4282,28.9209,0,0,1,7.0983,0,0.0000
P0232,3,Norte,Empresa,4,107.6332,10.2294,0,0,0,4.2954,0,0.0000
P0233,3,Sur,Web,5,23.7303,10.8955,1,0,2,4.0792,0,0.0000
P0234,3,Norte,Web,0,66.7391,36.3611,1,0,0,0.3985,0,0.0000
P0235,3,Norte,Empresa,7,175.5146,33.9116,0,0,0,7.4227,0,0.0000
P0236,3,Centro,Empresa,2,60.6049,20.4243,0,0,1,1.6735,0,0.0000
P0237,3,Sur,Web,6,30.2905,15.9269,1,0,1,5.6367,0,0.0000
P0238,3,Sur,Empresa,4,40.3009,5.9565,0,0,0,3.3861,1,124034.3994
P0239,3,Norte,Sucursal,9,39.6767,22.0523,0,0,2,9.0304,0,0.0000
P0240,3,Centro,Sucursal,7,132.8880,31.4477,1,0,0,6.7682,0,0.0000
P0241,3,Sur,Web,8,108.3457,16.1881,0,0,1,7.5230,0,0.0000
P0242,3,Norte,Empresa,7,96.7603,10.9466,0,0,0,6.4079,0,0.0000
P0243,3,Centro,Sucursal,5,NA,6.2686,0,1,1,4.6023,1,119083.8143
P0244,3,Norte,Empresa,6,152.3836,36.2586,0,0,0,6.4755,0,0.0000
P0245,3,Sur,Web,10,120.7029,33.8979,0,0,2,9.6736,0,0.0000
P0246,3,Sur,Sucursal,4,102.0199,33.2432,0,0,0,4.2824,0,0.0000
P0247,3,Centro,Sucursal,8,104.6026,18.0889,0,1,0,8.5277,0,0.0000
P0248,3,Sur,Sucursal,7,100.8897,31.2077,0,0,4,7.3784,1,115521.3872
P0249,3,Norte,Web,9,63.1122,33.5100,0,0,1,9.1130,0,0.0000
P0250,3,Centro,Empresa,3,92.8744,10.8565,0,0,1,3.0307,0,0.0000
P0251,3,Norte,Web,3,NA,21.3992,1,0,1,2.4343,0,0.0000
P0252,3,Centro,Web,1,73.0219,34.7896,0,1,3,1.3506,0,0.0000
P0253,3,Centro,Empresa,3,123.5495,8.1535,0,0,1,2.8064,0,0.0000
P0254,3,Centro,Sucursal,6,70.7731,19.6352,0,0,1,5.8765,0,0.0000
P0255,3,Norte,Web,9,130.0643,36.9643,0,1,3,8.9901,0,0.0000
P0256,3,Centro,Web,6,174.0934,6.7596,0,1,1,5.4631,1,116666.8982
P0257,3,Centro,Empresa,10,139.5900,20.9745,0,1,1,9.9608,1,122805.5484
P0258,3,Sur,Sucursal,1,55.2564,16.1540,0,0,0,0.7394,0,0.0000
P0259,3,Norte,Empresa,10,128.0372,26.1946,1,0,0,10.3091,1,108211.5362
P0260,3,Centro,Web,7,179.4955,19.1182,0,0,1,7.2866,1,126537.4974
P0261,3,Centro,Web,9,24.4154,22.8328,0,1,1,8.6941,1,126703.0021
P0262,3,Sur,Web,9,88.3140,26.2215,0,0,2,8.8352,0,0.0000
P0263,3,Norte,Sucursal,5,22.4825,7.1269,1,1,0,4.8314,1,121650.7963
P0264,3,Norte,Web,3,45.8940,13.2598,0,1,1,3.0546,0,0.0000
P0265,3,Sur,Sucursal,10,172.3916,20.9452,0,1,2,9.6666,0,0.0000
P0266,3,Sur,Web,4,28.5060,21.5962,0,1,1,3.2867,0,0.0000
P0267,3,Sur,Sucursal,4,41.5143,35.7770,0,0,2,3.4863,0,0.0000
P0268,3,Norte,Empresa,6,102.6538,23.2515,0,0,2,6.0365,0,0.0000
P0269,3,Sur,Empresa,7,NA,25.9863,0,0,4,7.5206,0,0.0000
P0270,3,Sur,Web,5,79.5058,19.8452,0,0,2,5.0162,0,0.0000
P0271,3,Centro,Empresa,9,61.0108,26.5923,0,0,0,8.8226,0,0.0000
P0272,3,Centro,Empresa,10,125.0198,14.8252,0,0,2,9.9147,1,135614.0518
P0273,3,Centro,Empresa,10,168.4969,19.3023,0,1,1,10.1126,0,0.0000
P0274,3,Centro,Web,8,130.1286,37.3696,0,0,1,8.3949,0,0.0000
P0275,3,Norte,Web,10,42.3109,34.5129,0,1,1,9.6934,0,0.0000
P0276,3,Norte,Web,11,48.6410,30.2637,0,1,2,11.3785,0,0.0000
P0277,3,Sur,Empresa,9,133.7161,18.6290,0,0,0,9.2636,0,0.0000
P0278,3,Centro,Web,8,50.8439,26.6060,0,1,0,8.3904,0,0.0000
P0279,3,Norte,Empresa,3,142.0951,15.9872,1,0,2,2.4055,0,0.0000
P0280,3,Sur,Empresa,6,154.0931,35.4535,0,0,1,6.0071,0,0.0000
P0281,3,Norte,Sucursal,8,169.6838,27.5166,0,0,2,8.1550,1,118199.2954
P0282,3,Centro,Sucursal,5,131.1162,30.2445,0,0,1,5.4458,0,0.0000
P0283,3,Sur,Empresa,3,123.0681,34.6062,0,1,3,3.2457,0,0.0000
P0284,3,Centro,Empresa,6,8.8008,22.6456,1,0,1,5.6095,0,0.0000
P0285,3,Centro,Web,7,155.4393,9.3108,0,0,3,7.6042,0,0.0000
P0286,3,Centro,Empresa,5,83.3089,38.9357,0,0,0,5.1292,0,0.0000
P0287,3,Centro,Empresa,1,54.1293,39.7792,0,0,0,0.7689,0,0.0000
P0288,3,Centro,Sucursal,10,111.4962,19.3444,0,0,1,9.7968,0,0.0000
P0289,3,Norte,Web,4,78.6302,36.4854,0,1,0,4.7029,0,0.0000
P0290,3,Sur,Web,6,19.5752,12.1484,1,0,2,5.6473,0,0.0000
P0291,3,Norte,Sucursal,4,170.3109,30.4203,0,0,1,3.8211,0,0.0000
P0292,3,Sur,Empresa,2,66.7385,7.3222,0,0,0,2.6945,1,119860.2052
P0293,3,Centro,Empresa,9,47.0397,11.4197,1,1,0,8.6871,1,131524.8134
P0294,3,Centro,Empresa,3,74.4724,36.6477,0,0,1,2.3111,0,0.0000
P0295,3,Centro,Sucursal,8,135.2036,9.8076,0,0,0,8.3540,0,0.0000
P0296,3,Sur,Empresa,4,62.6023,29.5479,0,1,1,3.4605,0,0.0000
P0297,3,Centro,Empresa,4,26.0071,35.3875,0,0,1,3.5744,0,0.0000
P0298,3,Centro,Empresa,5,62.8535,39.1983,0,0,1,5.1605,0,0.0000
P0299,3,Centro,Sucursal,3,62.5810,22.3308,0,0,0,3.3581,0,0.0000
P0300,3,Centro,Web,3,141.9380,7.8947,0,0,1,3.5415,1,119449.7180
P0301,4,Norte,Web,5,51.9498,34.5434,0,0,1,4.7558,0,0.0000
P0302,4,Centro,Web,5,8.3746,17.8729,0,1,2,5.2612,1,119555.1023
P0303,4,Norte,Web,7,134.7070,26.1413,0,0,3,6.5015,0,0.0000
P0304,4,Sur,Sucursal,5,52.7027,23.0388,0,0,1,4.3783,0,0.0000
P0305,4,Centro,Sucursal,9,102.4868,27.9307,0,1,2,9.2185,0,0.0000
P0306,4,Norte,Empresa,1,61.6364,15.0000,0,0,2,1.6269,0,0.0000
P0307,4,Norte,Web,3,50.1988,7.9561,0,1,1,2.7167,0,0.0000
P0308,4,Norte,Empresa,7,71.1672,31.8553,0,1,1,7.2317,0,0.0000
P0309,4,Sur,Empresa,7,71.6904,15.8742,0,0,0,6.8089,0,0.0000
P0310,4,Norte,Web,7,19.3882,10.8475,0,0,3,6.2196,0,0.0000
P0311,4,Sur,Sucursal,3,176.9088,20.2772,1,0,1,2.8976,1,125822.0817
P0312,4,Sur,Empresa,6,22.4139,21.7073,0,0,1,6.0112,0,0.0000
P0313,4,Sur,Empresa,6,148.7177,31.3098,0,0,0,5.7549,0,0.0000
P0314,4,Sur,Sucursal,6,134.1319,13.0114,0,0,1,5.9851,0,0.0000
P0315,4,Norte,Sucursal,6,164.0961,10.3150,1,0,0,5.9837,0,0.0000
P0316,4,Centro,Empresa,4,135.4572,17.3418,0,1,3,3.8515,0,0.0000
P0317,4,Norte,Empresa,6,19.9459,27.5659,0,0,0,5.9748,0,0.0000
P0318,4,Sur,Sucursal,7,14.5099,6.7574,0,0,0,7.1096,0,0.0000
P0319,4,Norte,Web,10,61.4110,12.6458,0,0,2,9.7775,0,0.0000
P0320,4,Sur,Web,4,52.8535,13.1292,0,1,0,4.0391,0,0.0000
P0321,4,Centro,Web,5,114.1156,6.1386,0,0,3,4.6114,0,0.0000
P0322,4,Sur,Sucursal,9,58.6732,37.3607,0,0,1,8.8959,0,0.0000
P0323,4,Centro,Sucursal,4,72.5048,9.7821,0,1,2,4.0522,1,139765.9110
P0324,4,Sur,Empresa,4,51.1599,30.0743,0,1,0,4.3036,0,0.0000
P0325,4,Centro,Web,6,179.4336,8.9998,0,0,0,5.4874,0,0.0000
P0326,4,Norte,Sucursal,8,36.7940,5.7921,0,0,4,8.0577,0,0.0000
P0327,4,Norte,Web,8,110.7004,26.4922,0,1,1,7.3952,0,0.0000
P0328,4,Norte,Sucursal,5,7.3209,27.8045,0,1,2,4.4906,0,0.0000
P0329,4,Centro,Sucursal,9,54.7337,21.7755,0,0,2,8.7585,0,0.0000
P0330,4,Norte,Sucursal,3,152.6630,22.9421,0,0,1,2.3169,0,0.0000
P0331,4,Sur,Empresa,7,112.1049,28.6744,1,0,3,6.8100,1,125236.5569
P0332,4,Sur,Web,5,16.0496,33.0324,0,0,3,5.5227,0,0.0000
P0333,4,Sur,Web,6,NA,19.1775,1,0,0,6.4840,0,0.0000
P0334,4,Norte,Sucursal,3,161.8652,39.3207,0,0,0,2.7749,0,0.0000
P0335,4,Norte,Web,6,163.4546,28.0801,0,0,1,5.7096,0,0.0000
P0336,4,Norte,Empresa,4,58.2341,31.3996,0,0,3,3.1056,0,0.0000
P0337,4,Centro,Sucursal,5,95.0514,7.4664,0,0,1,4.6012,0,0.0000
P0338,4,Norte,Empresa,9,89.7382,13.6658,0,0,2,8.7945,0,0.0000
P0339,4,Centro,Sucursal,6,12.9774,18.5841,0,0,1,5.4518,0,0.0000
P0340,4,Norte,Web,10,67.7761,37.7360,0,0,1,10.2422,0,0.0000
P0341,4,Norte,Sucursal,5,175.9071,19.9536,0,1,3,5.0824,0,0.0000
P0342,4,Sur,Web,9,104.1984,24.8731,0,0,2,8.7259,0,0.0000
P0343,4,Norte,Web,4,178.8480,15.9133,1,1,0,3.8699,1,119537.5098
P0344,4,Norte,Web,10,113.1516,31.9905,1,0,1,10.4356,0,0.0000
P0345,4,Norte,Empresa,5,126.3519,35.3363,0,0,1,4.8023,0,0.0000
P0346,4,Norte,Sucursal,4,46.6852,34.4838,0,0,0,3.8891,0,0.0000
P0347,4,Centro,Sucursal,5,171.5037,33.6987,1,0,1,4.6324,1,109694.7343
P0348,4,Sur,Web,3,127.4646,36.4742,0,0,0,3.2439,0,0.0000
P0349,4,Sur,Web,6,67.0854,12.4951,0,0,2,6.1148,0,0.0000
P0350,4,Centro,Empresa,5,61.6776,27.6757,0,0,0,4.6494,0,0.0000
P0351,4,Centro,Empresa,3,71.3143,24.0601,0,0,3,3.0987,0,0.0000
P0352,4,Sur,Empresa,3,58.2070,38.3810,0,0,0,2.8796,0,0.0000
P0353,4,Centro,Empresa,7,12.2727,6.5322,1,1,1,7.5406,1,124335.8788
P0354,4,Norte,Sucursal,5,144.1886,11.1921,0,0,1,4.3103,0,0.0000
P0355,4,Norte,Sucursal,6,167.5756,24.5458,0,0,2,5.7517,0,0.0000
P0356,4,Norte,Empresa,9,5.2119,38.6381,0,0,1,9.4148,0,0.0000
P0357,4,Centro,Empresa,5,137.5227,21.4670,1,0,2,5.1144,0,0.0000
P0358,4,Norte,Sucursal,6,10.0699,26.2680,0,0,3,5.6143,0,0.0000
P0359,4,Norte,Web,8,175.0833,8.5011,0,0,2,8.3862,1,108529.2289
P0360,4,Sur,Web,3,67.3848,14.5378,0,1,0,2.5742,0,0.0000
P0361,4,Sur,Web,6,79.2584,15.6897,0,0,1,6.0175,0,0.0000
P0362,4,Centro,Web,6,173.7878,16.7426,0,0,0,6.6115,0,0.0000
P0363,4,Norte,Web,6,60.1456,7.8519,0,0,2,6.1466,0,0.0000
P0364,4,Sur,Web,6,25.0429,27.1011,0,1,0,6.0940,0,0.0000
P0365,4,Norte,Empresa,4,105.8205,10.5535,1,1,1,4.1114,0,0.0000
P0366,4,Centro,Web,3,15.4594,35.2331,0,0,1,3.5823,0,0.0000
P0367,4,Centro,Empresa,7,155.4563,35.5178,1,0,2,6.8071,0,0.0000
P0368,4,Centro,Web,3,122.4891,38.1376,0,0,1,2.5360,0,0.0000
P0369,4,Sur,Sucursal,5,103.7487,11.3950,1,0,0,4.6920,1,124837.2694
P0370,4,Norte,Empresa,7,75.1215,38.3437,0,0,2,7.2512,0,0.0000
P0371,4,Centro,Empresa,1,9.4612,31.6624,0,0,1,1.4057,0,0.0000
P0372,4,Norte,Sucursal,7,45.6218,20.4127,0,0,2,6.8613,0,0.0000
P0373,4,Centro,Web,8,110.0940,9.5874,0,0,1,8.2040,0,0.0000
P0374,4,Centro,Empresa,6,NA,28.3170,0,0,0,5.3077,0,0.0000
P0375,4,Sur,Empresa,7,112.0236,25.2355,1,1,0,7.1876,0,0.0000
P0376,4,Sur,Web,8,95.7767,23.8981,0,1,2,8.4786,0,0.0000
P0377,4,Sur,Web,3,130.2062,22.3845,0,1,1,2.2630,0,0.0000
P0378,4,Centro,Empresa,4,80.6963,19.8344,0,0,0,4.8293,0,0.0000
P0379,4,Norte,Web,7,78.4766,15.3142,0,0,2,7.5034,0,0.0000
P0380,4,Norte,Web,6,24.5717,35.5713,0,0,1,5.9939,0,0.0000
P0381,4,Norte,Web,5,85.7094,7.2499,0,1,1,4.2672,0,0.0000
P0382,4,Centro,Sucursal,6,125.7417,19.0805,0,0,2,6.7249,0,0.0000
P0383,4,Sur,Web,15,96.3219,39.0883,0,0,2,15.0697,0,0.0000
P0384,4,Sur,Sucursal,3,132.0466,39.3455,0,1,0,3.2875,0,0.0000
P0385,4,Norte,Web,7,110.8114,26.1127,1,0,2,7.1909,1,129311.1376
P0386,4,Sur,Sucursal,9,174.2725,26.5326,0,0,4,9.3681,0,0.0000
P0387,4,Norte,Empresa,9,125.0991,6.0840,0,0,1,9.2181,1,127666.7244
P0388,4,Norte,Web,6,39.5218,39.0425,0,1,1,6.1044,0,0.0000
P0389,4,Sur,Web,3,48.9327,34.7709,0,1,1,2.4749,0,0.0000
P0390,4,Norte,Web,3,168.9626,36.8984,0,0,1,2.3012,0,0.0000
P0391,4,Norte,Web,5,99.9356,38.8123,0,0,0,4.0874,0,0.0000
P0392,4,Centro,Web,9,36.6343,25.7923,0,0,1,8.8998,0,0.0000
P0393,4,Centro,Sucursal,7,80.7049,27.6292,0,1,1,6.9300,0,0.0000
P0394,4,Centro,Sucursal,8,125.0268,38.5623,0,1,1,8.0233,0,0.0000
P0395,4,Norte,Sucursal,4,140.1232,33.8259,0,1,0,4.0799,0,0.0000
P0396,4,Norte,Empresa,4,159.1256,23.5487,0,0,0,4.5673,0,0.0000
P0397,4,Sur,Empresa,2,79.3736,36.2123,0,0,0,1.2985,0,0.0000
P0398,4,Norte,Empresa,4,125.8104,8.0258,0,0,1,4.1110,1,120173.3750
P0399,4,Sur,Empresa,2,47.7758,21.2345,0,0,3,2.3094,0,0.0000
P0400,4,Norte,Web,6,101.8540,6.2294,0,0,0,6.1076,1,133008.9123
P0401,5,Norte,Sucursal,4,176.6198,39.5507,1,0,3,3.7137,0,0.0000
P0402,5,Centro,Sucursal,6,67.6830,22.9424,0,0,0,6.2599,0,0.0000
P0403,5,Sur,Web,5,40.4721,16.3550,0,0,0,5.2262,0,0.0000
P0404,5,Sur,Web,12,21.5462,6.6963,0,0,0,12.3286,1,112658.3156
P0405,5,Centro,Empresa,7,120.9272,39.6042,0,0,0,7.5006,0,0.0000
P0406,5,Sur,Empresa,9,159.1574,29.4756,1,0,1,8.8789,0,0.0000
P0407,5,Centro,Sucursal,4,83.4025,12.9276,0,1,0,3.3761,0,0.0000
P0408,5,Centro,Empresa,5,145.7448,26.5851,0,1,2,5.2443,1,123057.9288
P0409,5,Norte,Sucursal,8,169.7189,35.0543,0,0,1,8.7267,0,0.0000
P0410,5,Centro,Web,4,18.8657,30.1572,0,0,0,3.5587,1,113265.9786
P0411,5,Norte,Web,5,39.3811,36.1462,0,0,1,5.1716,0,0.0000
P0412,5,Sur,Web,6,132.5518,22.0971,0,0,1,6.0428,0,0.0000
P0413,5,Norte,Empresa,4,89.5087,10.7960,1,0,0,4.0587,0,0.0000
P0414,5,Sur,Empresa,6,39.3251,22.8436,0,0,2,6.2541,0,0.0000
P0415,5,Centro,Sucursal,2,152.4973,12.5399,0,0,0,2.1659,0,0.0000
P0416,5,Centro,Sucursal,4,33.3792,16.2968,0,0,1,4.0617,0,0.0000
P0417,5,Norte,Empresa,8,55.3718,20.6908,0,0,1,7.7231,0,0.0000
P0418,5,Sur,Sucursal,6,148.3648,32.1799,0,0,2,5.9559,0,0.0000
P0419,5,Sur,Web,3,25.2741,7.7905,0,1,4,3.1987,0,0.0000
P0420,5,Norte,Web,7,NA,35.3902,0,0,3,7.0642,0,0.0000
P0421,5,Sur,Empresa,8,44.9934,37.5281,1,0,1,8.1768,1,118569.8397
P0422,5,Norte,Web,6,95.6404,17.3232,1,1,2,5.7939,0,0.0000
P0423,5,Norte,Web,2,110.4996,34.3164,1,1,2,1.7003,0,0.0000
P0424,5,Norte,Web,4,28.7476,23.0420,0,0,1,4.1830,0,0.0000
P0425,5,Sur,Empresa,5,NA,25.6206,1,0,2,4.7560,0,0.0000
P0426,5,Norte,Web,6,97.5450,13.3265,0,0,2,5.8300,0,0.0000
P0427,5,Norte,Sucursal,4,NA,6.3708,1,0,1,4.0043,1,137902.7954
P0428,5,Sur,Web,12,72.3551,9.1518,0,0,0,12.3203,0,0.0000
P0429,5,Sur,Sucursal,2,166.8094,16.5745,0,0,0,2.3751,0,0.0000
P0430,5,Norte,Web,4,83.2831,35.4733,0,1,2,4.3367,0,0.0000
P0431,5,Sur,Web,12,87.0137,31.9904,1,0,1,11.3917,0,0.0000
P0432,5,Norte,Empresa,11,42.9960,30.1846,0,0,1,10.4138,0,0.0000
P0433,5,Sur,Empresa,7,76.8752,16.4289,0,0,0,7.3253,0,0.0000
P0434,5,Sur,Empresa,8,9.2576,6.8865,1,1,0,8.7131,0,0.0000
P0435,5,Norte,Sucursal,5,136.4801,27.1112,1,0,1,4.5944,0,0.0000
P0436,5,Centro,Sucursal,9,147.0316,27.9873,0,0,1,8.5531,1,112349.2427
P0437,5,Centro,Empresa,8,15.5701,17.1345,0,0,0,8.4858,0,0.0000
P0438,5,Norte,Empresa,3,179.8328,35.3989,0,0,1,2.5579,0,0.0000
P0439,5,Norte,Empresa,5,10.4212,29.4074,0,0,1,5.0362,1,134121.5011
P0440,5,Norte,Empresa,4,91.5183,33.8278,1,0,2,4.8836,0,0.0000
P0441,5,Norte,Sucursal,2,147.3858,34.4301,0,1,0,2.2233,0,0.0000
P0442,5,Sur,Web,4,26.4981,23.5755,0,0,0,3.7523,0,0.0000
P0443,5,Sur,Empresa,9,92.5527,11.0557,0,0,2,9.2243,0,0.0000
P0444,5,Norte,Sucursal,9,43.6829,7.7952,0,1,1,9.1156,0,0.0000
P0445,5,Norte,Sucursal,9,158.1359,25.0380,1,0,1,8.7906,1,120319.8912
P0446,5,Centro,Empresa,6,123.8735,34.3898,0,0,0,5.2611,0,0.0000
P0447,5,Norte,Web,2,89.7961,15.3789,1,1,2,1.8857,0,0.0000
P0448,5,Centro,Web,6,75.9104,36.6033,0,1,2,5.5012,0,0.0000
P0449,5,Sur,Sucursal,9,10.4116,5.9664,0,0,0,9.0777,0,0.0000
P0450,5,Sur,Web,4,98.9553,17.2448,0,0,2,4.2153,0,0.0000
P0451,5,Norte,Web,8,148.4941,37.8523,0,1,1,8.2507,0,0.0000
P0452,5,Centro,Empresa,5,99.6862,30.1954,1,0,1,5.1820,1,117768.0367
P0453,5,Norte,Web,2,177.1039,13.1374,0,0,2,1.4748,0,0.0000
P0454,5,Norte,Web,5,104.8649,23.3964,1,0,0,4.7764,0,0.0000
P0455,5,Sur,Sucursal,12,119.8503,19.4552,0,1,1,11.5990,0,0.0000
P0456,5,Centro,Sucursal,5,13.8964,39.2772,0,1,0,5.2622,0,0.0000
P0457,5,Norte,Web,5,153.6107,28.4277,1,0,2,4.6487,0,0.0000
P0458,5,Centro,Sucursal,6,25.0086,31.0994,0,0,0,6.0447,0,0.0000
P0459,5,Norte,Empresa,3,107.9984,7.6825,0,0,0,3.8685,1,124007.5341
P0460,5,Centro,Web,6,125.3121,23.1470,0,1,4,6.6173,0,0.0000
P0461,5,Sur,Empresa,4,121.7139,18.7805,0,0,0,3.3911,0,0.0000
P0462,5,Norte,Sucursal,7,21.6149,22.5195,0,0,2,7.0008,0,0.0000
P0463,5,Centro,Web,4,127.8653,23.7762,1,0,0,4.4923,0,0.0000
P0464,5,Centro,Web,6,88.4869,29.2198,0,0,2,5.8976,0,0.0000
P0465,5,Sur,Empresa,9,NA,9.1888,0,0,2,8.4938,1,139530.3727
P0466,5,Sur,Sucursal,9,41.6957,18.0814,0,0,3,8.9647,0,0.0000
P0467,5,Centro,Sucursal,7,77.2334,13.1862,0,0,0,6.8358,0,0.0000
P0468,5,Centro,Sucursal,6,46.1128,19.3642,0,0,1,6.3649,0,0.0000
P0469,5,Centro,Sucursal,4,51.5502,11.5667,0,0,0,4.7184,1,123951.2876
P0470,5,Centro,Web,3,NA,18.7090,0,0,1,2.2733,0,0.0000
P0471,5,Centro,Web,5,69.2183,24.1721,0,0,1,5.2021,0,0.0000
P0472,5,Norte,Empresa,5,72.5595,36.9140,0,0,1,4.9777,0,0.0000
P0473,5,Sur,Sucursal,5,147.2910,26.7570,0,1,4,5.0444,0,0.0000
P0474,5,Centro,Web,5,26.8104,30.8459,0,0,0,4.7660,0,0.0000
P0475,5,Sur,Empresa,6,88.2555,19.0737,0,0,1,6.8730,0,0.0000
P0476,5,Norte,Sucursal,8,136.4086,31.6806,0,1,1,7.8515,0,0.0000
P0477,5,Norte,Web,5,77.6163,39.9913,0,0,0,4.4792,0,0.0000
P0478,5,Sur,Sucursal,4,146.4015,11.7721,0,0,3,3.9544,0,0.0000
P0479,5,Sur,Sucursal,7,33.3251,15.8860,0,0,0,6.6338,0,0.0000
P0480,5,Norte,Web,9,129.8412,36.4995,0,0,1,9.4320,1,143845.8735
P0481,5,Centro,Web,7,63.1686,15.3415,0,0,1,6.6383,0,0.0000
P0482,5,Norte,Web,7,89.1465,26.5176,0,1,1,7.3398,0,0.0000
P0483,5,Centro,Empresa,11,130.0387,21.9487,0,0,1,10.9703,1,119489.1863
P0484,5,Centro,Empresa,3,116.2860,34.5728,0,0,4,3.1543,0,0.0000
P0485,5,Sur,Web,8,115.4948,25.2248,0,0,1,7.7162,1,121332.7382
P0486,5,Sur,Sucursal,5,32.2131,12.3068,0,0,0,5.2453,1,135233.0586
P0487,5,Sur,Sucursal,4,135.2713,26.7508,0,0,1,3.9265,0,0.0000
P0488,5,Norte,Empresa,5,173.3863,19.4912,1,0,1,4.5516,0,0.0000
P0489,5,Norte,Empresa,7,63.4675,7.1076,0,0,3,6.9251,1,115046.8885
P0490,5,Centro,Sucursal,7,88.3274,27.0597,0,0,1,6.3315,1,129269.5771
P0491,5,Sur,Sucursal,7,171.4345,38.6397,0,0,5,7.2481,0,0.0000
P0492,5,Norte,Empresa,6,162.9990,35.2994,0,0,1,5.7532,0,0.0000
P0493,5,Norte,Web,8,26.6875,26.9460,0,1,0,8.1242,0,0.0000
P0494,5,Norte,Web,9,166.9734,28.3186,0,0,2,9.4619,0,0.0000
P0495,5,Centro,Empresa,4,5.6545,9.4188,0,0,0,4.1027,0,0.0000
P0496,5,Centro,Empresa,6,54.4740,10.2480,0,0,2,6.2764,0,0.0000
P0497,5,Norte,Empresa,6,74.4894,28.5552,0,0,4,5.7869,0,0.0000
P0498,5,Norte,Empresa,6,77.7050,37.3373,0,0,1,5.9260,0,0.0000
P0499,5,Norte,Web,7,NA,15.5415,0,0,1,7.2863,0,0.0000
P0500,5,Norte,Web,3,86.4306,30.0049,0,1,1,3.4299,0,0.0000
P0501,6,Norte,Sucursal,5,172.0010,29.6436,0,0,2,4.7957,0,0.0000
P0502,6,Sur,Sucursal,7,28.3400,39.5986,0,1,1,7.2341,0,0.0000
P0503,6,Norte,Web,6,177.7550,26.6379,0,0,1,6.1442,0,0.0000
P0504,6,Sur,Web,5,106.2662,33.7829,0,1,0,4.5850,0,0.0000
P0505,6,Norte,Sucursal,3,30.8890,8.0758,0,0,2,2.9589,0,0.0000
P0506,6,Centro,Sucursal,7,163.1772,16.4800,0,0,1,7.1913,0,0.0000
P0507,6,Sur,Web,6,18.2549,7.0535,0,0,1,6.1107,0,0.0000
P0508,6,Centro,Empresa,5,38.3773,23.9686,0,1,0,5.0005,0,0.0000
P0509,6,Sur,Empresa,6,48.0711,29.9827,0,1,2,6.4255,0,0.0000
P0510,6,Sur,Empresa,5,51.6537,11.0173,0,0,1,4.8487,0,0.0000
P0511,6,Centro,Web,1,152.0622,14.9522,0,0,1,1.3727,1,112009.0800
P0512,6,Centro,Sucursal,9,130.8349,6.8996,0,0,0,8.5615,1,117736.3092
P0513,6,Centro,Sucursal,2,81.4777,10.3019,0,0,0,2.3867,0,0.0000
P0514,6,Norte,Sucursal,6,99.1553,16.3275,0,0,3,6.6769,0,0.0000
P0515,6,Sur,Sucursal,6,44.0574,29.2677,0,1,2,5.8107,0,0.0000
P0516,6,Centro,Sucursal,3,110.6373,37.3038,0,0,3,2.7085,0,0.0000
P0517,6,Centro,Empresa,9,179.0857,11.8584,0,0,0,8.4153,0,0.0000
P0518,6,Sur,Web,3,NA,14.8791,0,0,1,2.6167,0,0.0000
P0519,6,Sur,Web,8,111.9991,36.4563,0,0,1,8.1639,0,0.0000
P0520,6,Centro,Web,9,49.2639,7.3659,0,0,1,8.7262,0,0.0000
P0521,6,Sur,Sucursal,6,23.1559,36.5394,0,0,0,5.8338,0,0.0000
P0522,6,Norte,Empresa,4,29.3197,39.0654,1,1,3,4.0284,0,0.0000
P0523,6,Sur,Empresa,1,111.2535,28.0072,0,0,2,-0.0188,0,0.0000
P0524,6,Centro,Web,7,68.8183,35.2097,1,1,2,6.5979,0,0.0000
P0525,6,Norte,Sucursal,4,64.3256,9.5918,0,0,0,3.8321,0,0.0000
P0526,6,Centro,Web,8,55.9614,8.6759,0,1,0,8.4732,0,0.0000
P0527,6,Sur,Web,7,176.1694,34.8401,0,0,2,7.1822,0,0.0000
P0528,6,Norte,Web,9,27.9638,20.1311,0,1,1,8.0624,0,0.0000
P0529,6,Sur,Web,7,55.5391,6.8156,0,0,0,6.9299,0,0.0000
P0530,6,Centro,Sucursal,7,105.8589,39.7183,0,0,3,6.7618,0,0.0000
P0531,6,Sur,Web,8,61.9823,17.4303,0,0,0,7.5544,1,123890.4967
P0532,6,Norte,Sucursal,9,66.3770,6.7158,0,0,0,8.7802,0,0.0000
P0533,6,Sur,Empresa,5,77.8685,6.7230,1,0,2,5.0956,0,0.0000
P0534,6,Norte,Web,6,27.9374,13.4676,0,0,1,6.3101,0,0.0000
P0535,6,Norte,Web,4,100.5946,24.5500,0,1,2,4.5201,1,109632.2507
P0536,6,Norte,Empresa,5,NA,21.6747,0,0,3,4.6217,1,123857.5690
P0537,6,Sur,Sucursal,7,123.8288,21.9914,0,0,1,6.2235,0,0.0000
P0538,6,Centro,Web,3,126.9613,32.1356,0,0,0,3.7847,0,0.0000
P0539,6,Sur,Empresa,5,106.2212,13.4231,1,0,1,4.5593,0,0.0000
P0540,6,Centro,Sucursal,13,104.6549,9.2434,0,0,2,13.4754,1,101141.3159
P0541,6,Norte,Sucursal,6,6.5561,38.9582,0,0,4,4.9921,0,0.0000
P0542,6,Sur,Empresa,8,178.4209,39.4090,0,0,4,7.5289,0,0.0000
P0543,6,Centro,Web,7,10.2778,26.0178,0,0,1,6.9565,0,0.0000
P0544,6,Sur,Empresa,7,90.2269,26.1453,1,0,0,6.9988,0,0.0000
P0545,6,Norte,Web,5,66.1124,14.1833,0,0,3,5.0975,0,0.0000
P0546,6,Norte,Web,2,65.1304,38.2364,0,0,0,1.6398,0,0.0000
P0547,6,Sur,Web,9,13.4793,15.3276,0,0,2,9.6639,0,0.0000
P0548,6,Norte,Web,7,17.8656,28.0399,0,0,0,7.3501,0,0.0000
P0549,6,Centro,Empresa,7,157.3963,35.7159,0,0,0,6.5604,0,0.0000
P0550,6,Centro,Empresa,5,148.8742,39.2277,0,0,2,5.0567,0,0.0000
P0551,6,Sur,Web,10,80.4935,28.8911,0,1,1,10.1295,0,0.0000
P0552,6,Sur,Web,8,54.7314,23.3413,0,0,2,7.4659,1,119324.2414
P0553,6,Norte,Empresa,5,125.5624,16.3962,0,0,2,5.2133,0,0.0000
P0554,6,Sur,Web,3,15.5366,24.7571,0,0,1,3.0501,0,0.0000
P0555,6,Centro,Web,3,68.3664,29.6133,1,1,0,2.9900,0,0.0000
P0556,6,Norte,Empresa,5,31.4620,31.2739,0,0,1,5.1784,0,0.0000
P0557,6,Norte,Empresa,9,149.9109,21.0109,0,1,1,8.9138,0,0.0000
P0558,6,Norte,Sucursal,4,68.0193,33.6970,0,1,1,4.1397,0,0.0000
P0559,6,Sur,Empresa,8,148.9626,17.3985,0,0,1,7.7992,0,0.0000
P0560,6,Norte,Web,4,87.6410,7.2426,0,0,0,5.0027,0,0.0000
P0561,6,Centro,Web,7,118.3541,26.6729,0,1,0,6.7854,0,0.0000
P0562,6,Norte,Sucursal,9,57.6469,26.1227,0,0,0,9.2314,0,0.0000
P0563,6,Norte,Empresa,3,79.4720,16.0384,1,0,1,2.9290,0,0.0000
P0564,6,Centro,Sucursal,6,40.0243,37.5478,0,0,1,6.2572,0,0.0000
P0565,6,Norte,Web,5,56.2907,29.6813,0,0,1,4.8877,0,0.0000
P0566,6,Norte,Web,9,9.0596,16.5236,0,0,0,8.6692,0,0.0000
P0567,6,Sur,Empresa,4,100.9170,21.3340,1,0,3,4.1745,0,0.0000
P0568,6,Centro,Web,3,77.0387,34.8821,0,0,3,2.7594,0,0.0000
P0569,6,Norte,Sucursal,4,99.0511,27.1821,0,0,2,4.4748,0,0.0000
P0570,6,Sur,Web,8,NA,27.0940,0,0,2,7.4150,1,98076.0033
P0571,6,Norte,Sucursal,9,77.6784,11.6860,0,1,2,8.4412,0,0.0000
P0572,6,Centro,Web,8,55.5794,7.2795,1,0,1,7.8493,0,0.0000
P0573,6,Norte,Sucursal,6,169.1893,38.5489,0,0,1,5.9982,0,0.0000
P0574,6,Centro,Web,5,90.5162,36.4895,0,0,2,5.5080,0,0.0000
P0575,6,Sur,Sucursal,6,123.7447,16.4772,0,1,1,6.3014,0,0.0000
P0576,6,Centro,Web,2,121.1788,24.6783,1,0,1,2.0179,0,0.0000
P0577,6,Norte,Sucursal,7,157.6382,20.0154,0,0,0,6.9489,0,0.0000
P0578,6,Norte,Empresa,4,102.2459,32.5962,0,1,0,3.6606,0,0.0000
P0579,6,Sur,Web,11,NA,36.1835,0,1,3,10.9557,0,0.0000
P0580,6,Norte,Web,5,166.9245,16.9429,0,0,3,4.8656,0,0.0000
P0581,6,Norte,Sucursal,5,140.7996,14.9428,0,0,1,5.4143,1,126451.7328
P0582,6,Sur,Sucursal,8,35.9104,29.1938,0,0,3,8.8604,0,0.0000
P0583,6,Sur,Empresa,2,84.0133,39.6987,0,0,1,2.2963,0,0.0000
P0584,6,Sur,Sucursal,8,45.6022,20.5000,0,0,0,8.2015,0,0.0000
P0585,6,Sur,Empresa,5,33.2533,18.4750,1,0,1,4.7199,0,0.0000
P0586,6,Centro,Empresa,5,103.0320,14.3516,0,0,0,5.1826,0,0.0000
P0587,6,Norte,Empresa,4,79.8649,8.7915,0,0,0,3.3250,0,0.0000
P0588,6,Centro,Sucursal,8,155.5697,27.5649,0,0,1,7.5962,0,0.0000
P0589,6,Norte,Web,6,79.6387,27.5471,0,0,1,6.6247,0,0.0000
P0590,6,Norte,Sucursal,5,80.2028,20.4868,0,0,2,5.8076,0,0.0000
P0591,6,Centro,Web,2,142.1279,14.4504,1,0,0,1.8290,1,107251.1894
P0592,6,Sur,Sucursal,6,74.1641,14.8371,0,0,2,6.4223,0,0.0000
P0593,6,Norte,Sucursal,8,17.4319,30.9007,0,1,3,8.4226,1,115375.6537
P0594,6,Norte,Sucursal,5,30.0042,33.9698,0,0,0,5.0999,0,0.0000
P0595,6,Sur,Empresa,4,133.7261,25.5122,1,0,0,3.9897,0,0.0000
P0596,6,Sur,Sucursal,4,37.3819,8.1753,0,0,1,4.2858,1,126723.1780
P0597,6,Sur,Empresa,8,35.1316,32.5255,0,0,3,7.2968,0,0.0000
P0598,6,Centro,Web,4,154.6095,33.8968,0,0,2,3.6937,0,0.0000
P0599,6,Norte,Sucursal,4,109.5159,7.1136,0,0,0,3.6204,1,107060.1287
P0600,6,Centro,Web,5,158.7153,36.3489,0,0,2,5.2430,0,0.0000
P0601,7,Sur,Empresa,12,16.5922,19.8091,0,0,0,11.9653,0,0.0000
P0602,7,Sur,Empresa,3,35.8724,28.7157,1,0,3,2.9023,0,0.0000
P0603,7,Sur,Empresa,7,113.4058,14.7030,1,0,1,6.0288,1,120651.4000
P0604,7,Sur,Sucursal,7,32.4560,37.1615,0,0,0,6.7909,0,0.0000
P0605,7,Norte,Sucursal,9,31.3468,14.4773,0,0,1,8.6409,1,122128.5842
P0606,7,Centro,Sucursal,8,60.1027,25.5799,0,0,0,7.9590,1,126671.8570
P0607,7,Centro,Empresa,5,51.0254,36.0725,0,1,0,4.8793,0,0.0000
P0608,7,Centro,Sucursal,7,43.5869,29.6599,0,0,2,7.7521,0,0.0000
P0609,7,Sur,Sucursal,7,55.5408,34.0430,0,0,2,6.5434,0,0.0000
P0610,7,Centro,Web,6,6.5914,7.1042,0,1,1,6.3506,0,0.0000
P0611,7,Centro,Sucursal,15,90.9284,25.2849,0,0,2,15.1756,1,109987.2640
P0612,7,Sur,Sucursal,7,98.8554,39.0105,0,0,0,6.7950,1,122359.2450
P0613,7,Norte,Sucursal,7,24.4076,17.9125,0,1,1,6.6656,0,0.0000
P0614,7,Norte,Empresa,5,91.7366,30.0582,1,1,2,4.8462,0,0.0000
P0615,7,Sur,Sucursal,0,56.1590,33.0977,1,0,1,-0.2347,0,0.0000
P0616,7,Centro,Empresa,6,89.1832,8.9523,0,0,2,6.1496,0,0.0000
P0617,7,Centro,Empresa,10,112.4389,28.9317,0,0,1,9.8153,0,0.0000
P0618,7,Norte,Empresa,7,174.1735,37.8403,0,0,2,7.7270,0,0.0000
P0619,7,Sur,Empresa,8,71.1117,7.1231,1,0,1,8.0074,0,0.0000
P0620,7,Norte,Sucursal,6,91.7456,16.6587,0,1,0,5.6170,0,0.0000
P0621,7,Norte,Web,3,135.9367,23.6361,0,1,0,3.0269,0,0.0000
P0622,7,Centro,Empresa,5,125.1976,35.6116,1,0,1,4.8515,0,0.0000
P0623,7,Norte,Sucursal,11,9.1741,38.6100,0,0,1,10.6999,0,0.0000
P0624,7,Centro,Empresa,7,NA,14.7322,1,0,0,7.7836,1,105053.5819
P0625,7,Centro,Empresa,6,173.5454,36.4257,0,0,2,6.0613,0,0.0000
P0626,7,Sur,Web,5,104.8242,30.3917,0,0,0,5.0357,0,0.0000
P0627,7,Norte,Empresa,9,62.6350,21.9733,0,0,0,8.8054,0,0.0000
P0628,7,Sur,Web,4,50.8767,6.3108,0,0,2,4.4424,0,0.0000
P0629,7,Centro,Sucursal,8,179.9238,27.0355,0,0,0,7.9063,0,0.0000
P0630,7,Norte,Web,2,122.7926,22.2104,0,0,2,2.5247,0,0.0000
P0631,7,Centro,Web,14,85.5622,28.1804,0,0,0,14.0921,0,0.0000
P0632,7,Sur,Empresa,4,15.5201,23.2468,0,0,2,3.8248,0,0.0000
P0633,7,Centro,Empresa,5,24.6276,11.9401,0,0,1,6.0545,0,0.0000
P0634,7,Sur,Empresa,5,122.0273,20.7883,0,0,1,4.5653,0,0.0000
P0635,7,Norte,Web,7,176.6860,22.1046,0,0,0,7.5454,0,0.0000
P0636,7,Norte,Empresa,5,148.4781,24.7950,0,1,2,5.0065,1,118808.6500
P0637,7,Centro,Empresa,3,153.5161,35.9402,0,0,1,3.1220,0,0.0000
P0638,7,Centro,Empresa,3,147.0464,33.7435,0,0,0,3.0708,0,0.0000
P0639,7,Norte,Sucursal,5,93.5937,9.1854,0,0,0,5.2402,0,0.0000
P0640,7,Centro,Web,5,59.3863,6.7638,0,0,3,4.6377,0,0.0000
P0641,7,Centro,Sucursal,4,131.0649,28.3070,0,0,1,3.5690,0,0.0000
P0642,7,Norte,Sucursal,5,109.3525,8.5970,0,0,1,4.7960,0,0.0000
P0643,7,Sur,Empresa,5,15.1011,29.3917,1,1,2,5.1660,0,0.0000
P0644,7,Norte,Web,6,33.8808,11.3279,0,0,0,6.2660,0,0.0000
P0645,7,Centro,Web,7,15.6131,35.6980,1,0,2,6.9302,0,0.0000
P0646,7,Sur,Sucursal,0,76.0096,11.3921,0,0,0,0.3409,0,0.0000
P0647,7,Centro,Web,4,11.9668,30.2594,0,0,1,4.2623,0,0.0000
P0648,7,Centro,Sucursal,6,77.9770,35.1842,0,0,0,6.1386,0,0.0000
P0649,7,Sur,Empresa,4,63.1105,21.3902,1,1,0,3.8721,1,117978.6748
P0650,7,Sur,Sucursal,7,136.8098,14.1696,0,0,1,6.6752,0,0.0000
P0651,7,Centro,Web,3,53.7951,9.9142,0,0,0,2.6343,0,0.0000
P0652,7,Norte,Web,5,176.4023,38.1359,1,0,1,4.4317,0,0.0000
P0653,7,Norte,Sucursal,4,132.6521,37.1282,0,0,2,4.4169,0,0.0000
P0654,7,Sur,Empresa,5,144.0142,20.8746,0,0,2,4.9913,0,0.0000
P0655,7,Sur,Sucursal,6,132.1622,17.0921,0,0,2,6.0958,0,0.0000
P0656,7,Sur,Empresa,4,8.5842,6.9399,0,0,1,4.0183,0,0.0000
P0657,7,Norte,Empresa,6,49.5279,12.4091,0,1,0,5.7796,0,0.0000
P0658,7,Centro,Web,2,26.5178,25.3846,0,0,1,2.4066,0,0.0000
P0659,7,Norte,Sucursal,6,167.7025,21.6128,0,0,0,5.3894,1,114253.9538
P0660,7,Norte,Web,5,71.5077,17.1553,1,0,1,5.0963,0,0.0000
P0661,7,Sur,Web,0,147.9917,37.9747,0,0,1,-0.5199,0,0.0000
P0662,7,Norte,Empresa,7,61.4054,26.2190,0,0,1,7.9366,0,0.0000
P0663,7,Centro,Empresa,11,175.4149,18.6713,0,0,3,10.6094,0,0.0000
P0664,7,Norte,Empresa,7,87.9267,26.6983,0,0,1,7.2356,0,0.0000
P0665,7,Sur,Web,8,72.7776,18.0712,0,0,2,7.7542,1,123793.2536
P0666,7,Norte,Web,3,46.3326,29.8816,0,0,2,3.6889,0,0.0000
P0667,7,Sur,Sucursal,3,32.3723,5.9788,0,0,0,3.7133,0,0.0000
P0668,7,Sur,Sucursal,4,123.3290,12.5258,0,0,0,3.6730,0,0.0000
P0669,7,Sur,Web,1,19.7866,37.8022,0,0,1,1.1885,0,0.0000
P0670,7,Sur,Sucursal,1,126.0313,20.6779,0,0,1,0.3703,0,0.0000
P0671,7,Norte,Web,4,37.9517,18.0567,0,0,0,4.2731,0,0.0000
P0672,7,Sur,Empresa,4,11.5338,37.5836,1,0,0,4.1141,0,0.0000
P0673,7,Centro,Empresa,9,176.3696,10.7625,0,0,0,9.3151,1,132056.5835
P0674,7,Norte,Empresa,8,46.2772,33.4593,0,1,2,7.7777,0,0.0000
P0675,7,Norte,Web,7,20.3167,25.2241,0,1,2,6.4857,0,0.0000
P0676,7,Norte,Web,2,49.6257,10.3936,0,0,1,1.7086,0,0.0000
P0677,7,Norte,Sucursal,11,72.7890,9.3421,0,0,0,10.7472,0,0.0000
P0678,7,Sur,Empresa,10,97.9233,18.1420,0,0,1,10.1595,0,0.0000
P0679,7,Norte,Web,10,135.2110,28.3442,0,0,3,9.6819,0,0.0000
P0680,7,Centro,Web,7,95.9033,36.6963,0,0,3,7.4124,0,0.0000
P0681,7,Sur,Web,7,105.4551,5.4544,0,0,0,6.5979,0,0.0000
P0682,7,Sur,Empresa,5,NA,5.8504,0,0,3,4.4231,0,0.0000
P0683,7,Centro,Web,2,17.7413,27.1869,0,1,1,2.0530,0,0.0000
P0684,7,Norte,Empresa,9,110.0578,9.8616,0,0,0,9.7620,1,116330.8697
P0685,7,Sur,Empresa,8,11.1642,36.1253,1,0,0,7.7810,0,0.0000
P0686,7,Centro,Empresa,6,57.9537,33.0105,0,1,1,5.9509,0,0.0000
P0687,7,Centro,Empresa,8,120.2806,12.7640,0,1,1,8.0095,0,0.0000
P0688,7,Centro,Sucursal,3,123.4894,34.9030,0,0,0,2.2264,0,0.0000
P0689,7,Sur,Web,7,162.3470,24.2715,1,0,0,7.2022,0,0.0000
P0690,7,Norte,Web,3,24.2757,17.6482,1,0,1,2.7359,0,0.0000
P0691,7,Norte,Empresa,5,55.2469,33.0964,0,0,0,4.7104,0,0.0000
P0692,7,Norte,Web,8,83.4828,7.6906,0,1,0,8.2765,0,0.0000
P0693,7,Centro,Web,5,106.1932,24.3596,0,0,0,5.9415,0,0.0000
P0694,7,Centro,Web,5,NA,11.5149,0,0,0,5.2100,1,114945.5686
P0695,7,Norte,Web,14,93.5915,6.7008,1,0,2,14.0947,1,121600.2203
P0696,7,Norte,Empresa,4,5.2800,11.5380,0,1,4,3.6470,0,0.0000
P0697,7,Centro,Empresa,3,18.4792,19.1583,0,0,2,3.1230,0,0.0000
P0698,7,Norte,Empresa,8,45.4677,5.5795,1,0,0,8.0565,0,0.0000
P0699,7,Sur,Empresa,11,15.7885,35.1120,0,0,1,11.3684,0,0.0000
P0700,7,Norte,Sucursal,9,69.6864,19.0141,0,1,3,9.0619,0,0.0000
P0701,8,Centro,Sucursal,7,129.6148,5.9927,0,1,3,7.9185,0,0.0000
P0702,8,Norte,Sucursal,8,69.4713,14.3845,0,1,0,8.0219,0,0.0000
P0703,8,Norte,Sucursal,4,25.7069,37.9314,0,1,0,3.8631,0,0.0000
P0704,8,Norte,Sucursal,5,117.6628,21.8528,0,0,0,5.4509,1,134290.7886
P0705,8,Norte,Web,3,27.5923,34.4103,1,1,2,2.6369,0,0.0000
P0706,8,Sur,Sucursal,5,90.3339,16.4087,0,0,1,4.8746,0,0.0000
P0707,8,Sur,Web,7,171.7522,37.5254,1,0,1,6.6741,0,0.0000
P0708,8,Centro,Web,5,75.4506,38.9284,0,1,1,5.1105,0,0.0000
P0709,8,Centro,Sucursal,7,132.8749,15.2510,1,1,0,7.0430,0,0.0000
P0710,8,Centro,Sucursal,5,61.7528,22.2625,0,0,3,4.6998,0,0.0000
P0711,8,Sur,Sucursal,9,79.2171,11.9284,0,0,2,9.9258,0,0.0000
P0712,8,Sur,Empresa,6,48.8907,37.6270,0,0,0,5.6124,0,0.0000
P0713,8,Centro,Empresa,3,144.0466,37.1412,0,1,3,3.0934,0,0.0000
P0714,8,Centro,Empresa,4,120.5041,11.1044,0,1,2,4.0286,0,0.0000
P0715,8,Norte,Web,6,151.1550,23.6801,0,0,0,5.6524,0,0.0000
P0716,8,Norte,Web,6,66.6900,9.5076,0,0,1,5.4211,0,0.0000
P0717,8,Centro,Empresa,11,10.0109,29.2408,0,0,1,11.7148,0,0.0000
P0718,8,Norte,Sucursal,8,7.2405,22.3663,0,0,2,7.7831,0,0.0000
P0719,8,Norte,Empresa,3,35.2747,13.2126,1,0,1,3.4381,0,0.0000
P0720,8,Centro,Web,4,91.8551,21.0049,1,0,3,3.7386,0,0.0000
P0721,8,Sur,Empresa,6,38.5697,29.1715,0,0,1,6.2983,0,0.0000
P0722,8,Sur,Empresa,8,99.4071,30.7402,0,0,2,8.1259,0,0.0000
P0723,8,Centro,Sucursal,4,25.5604,10.6270,0,1,0,3.3888,0,0.0000
P0724,8,Norte,Sucursal,5,16.5363,5.3190,0,0,2,5.5850,0,0.0000
P0725,8,Sur,Sucursal,5,105.2842,16.1118,1,0,1,5.2329,0,0.0000
P0726,8,Sur,Sucursal,4,79.3194,34.8765,1,1,3,3.5243,0,0.0000
P0727,8,Centro,Web,11,132.5161,9.5742,1,0,1,12.0768,1,127014.0418
P0728,8,Centro,Sucursal,3,134.1463,26.3606,0,0,1,2.6629,0,0.0000
P0729,8,Sur,Empresa,7,85.0980,32.9065,0,1,3,7.2808,0,0.0000
P0730,8,Norte,Sucursal,2,35.4470,17.7042,1,0,2,2.3742,0,0.0000
P0731,8,Centro,Sucursal,5,114.9021,30.3398,0,0,0,5.4184,0,0.0000
P0732,8,Centro,Web,6,135.8066,34.7141,1,0,1,6.2222,0,0.0000
P0733,8,Norte,Web,5,55.0409,12.2036,0,0,3,5.2342,0,0.0000
P0734,8,Centro,Web,7,161.1905,33.3878,1,0,4,7.3971,0,0.0000
P0735,8,Centro,Web,7,124.7892,21.8608,0,1,2,7.5400,1,106971.3495
P0736,8,Sur,Web,4,144.9445,21.0008,0,1,0,3.7628,1,118340.2975
P0737,8,Norte,Sucursal,4,139.0450,11.8801,0,0,1,3.3944,0,0.0000
P0738,8,Centro,Sucursal,7,122.6370,19.5925,0,0,0,7.0291,0,0.0000
P0739,8,Norte,Sucursal,8,27.9174,7.4561,0,0,2,7.7646,0,0.0000
P0740,8,Norte,Sucursal,3,133.9041,10.8165,0,1,0,3.4622,0,0.0000
P0741,8,Sur,Empresa,5,22.5724,37.5866,0,0,3,5.4129,0,0.0000
P0742,8,Centro,Empresa,5,69.1207,31.9073,0,1,0,4.7714,0,0.0000
P0743,8,Norte,Sucursal,4,125.8708,36.0520,0,0,3,4.4307,0,0.0000
P0744,8,Sur,Sucursal,8,95.5581,36.7804,1,0,0,7.6617,0,0.0000
P0745,8,Sur,Sucursal,2,9.5773,29.0639,0,0,1,1.8895,0,0.0000
P0746,8,Sur,Web,5,6.0004,12.5122,0,1,1,5.6828,0,0.0000
P0747,8,Centro,Empresa,5,163.0942,36.0719,0,1,1,5.4398,0,0.0000
P0748,8,Centro,Web,4,15.9853,13.0688,0,0,0,3.4657,0,0.0000
P0749,8,Sur,Sucursal,8,165.3355,31.6892,0,0,3,8.1566,0,0.0000
P0750,8,Centro,Sucursal,7,124.3262,28.2867,0,0,1,6.0407,1,119993.9007
P0751,8,Norte,Empresa,4,157.5398,8.7511,1,1,0,3.4680,0,0.0000
P0752,8,Norte,Empresa,9,125.6737,36.5027,1,0,2,9.4943,0,0.0000
P0753,8,Centro,Empresa,8,49.3772,13.4055,0,0,1,8.2139,0,0.0000
P0754,8,Sur,Empresa,10,42.8901,21.3644,0,0,3,10.6335,0,0.0000
P0755,8,Norte,Empresa,6,117.8778,33.8503,0,0,0,5.2695,0,0.0000
P0756,8,Norte,Empresa,7,173.9927,35.8210,0,0,1,8.0958,0,0.0000
P0757,8,Norte,Sucursal,12,123.2623,29.3536,0,0,0,11.7918,0,0.0000
P0758,8,Sur,Sucursal,2,100.0636,21.0008,0,0,2,1.9788,0,0.0000
P0759,8,Centro,Web,2,6.0047,24.1545,0,0,0,2.1607,0,0.0000
P0760,8,Sur,Web,11,81.4719,29.5263,0,0,2,11.1029,0,0.0000
P0761,8,Norte,Empresa,8,44.8244,10.5446,0,0,1,7.9221,0,0.0000
P0762,8,Norte,Sucursal,4,81.4433,15.3832,0,1,2,3.9425,0,0.0000
P0763,8,Centro,Web,3,160.6846,36.3608,1,0,1,3.1040,1,135347.4551
P0764,8,Sur,Sucursal,8,85.3912,36.4684,0,0,1,8.2971,0,0.0000
P0765,8,Centro,Empresa,7,27.1476,32.2059,0,0,0,6.6718,0,0.0000
P0766,8,Sur,Web,2,168.6152,5.4807,0,0,0,1.7244,0,0.0000
P0767,8,Sur,Web,5,126.2669,36.1262,0,0,1,5.0479,0,0.0000
P0768,8,Sur,Empresa,6,128.5918,7.3041,1,0,0,6.8849,0,0.0000
P0769,8,Centro,Sucursal,5,102.4378,27.5567,0,0,1,5.3796,0,0.0000
P0770,8,Centro,Sucursal,7,109.7605,27.1312,1,0,1,6.7592,0,0.0000
P0771,8,Centro,Web,8,42.5777,28.2281,1,0,0,8.0185,1,119931.2612
P0772,8,Norte,Web,9,6.3786,18.4700,0,0,1,9.3325,0,0.0000
P0773,8,Sur,Sucursal,6,101.1460,21.1444,1,0,3,6.4478,0,0.0000
P0774,8,Centro,Sucursal,6,43.4732,23.7226,0,1,3,5.7358,0,0.0000
P0775,8,Norte,Sucursal,4,121.3861,18.3673,0,1,1,3.7793,0,0.0000
P0776,8,Centro,Web,11,138.0517,29.5428,0,0,1,10.6703,0,0.0000
P0777,8,Norte,Sucursal,15,46.7194,13.0094,0,1,2,14.2555,1,127783.5117
P0778,8,Sur,Web,7,164.7533,38.7355,0,0,3,7.2590,0,0.0000
P0779,8,Norte,Empresa,3,44.1064,25.2156,0,0,1,3.0340,0,0.0000
P0780,8,Sur,Sucursal,5,43.8440,13.3633,0,0,0,4.8541,0,0.0000
P0781,8,Norte,Empresa,8,179.7097,9.7056,0,0,2,8.8835,0,0.0000
P0782,8,Norte,Empresa,3,29.3862,22.7445,1,1,1,3.2019,0,0.0000
P0783,8,Norte,Web,4,140.6577,22.3508,0,0,2,3.6000,0,0.0000
P0784,8,Norte,Empresa,8,68.5055,25.7686,0,0,2,8.1227,1,116713.8258
P0785,8,Centro,Empresa,4,95.3200,14.3813,0,0,0,3.9561,0,0.0000
P0786,8,Sur,Web,6,154.5511,32.6232,0,0,3,6.5652,0,0.0000
P0787,8,Centro,Web,6,161.0723,34.7566,0,0,2,5.9576,0,0.0000
P0788,8,Centro,Web,7,72.0423,18.5252,1,0,1,6.5213,0,0.0000
P0789,8,Sur,Empresa,9,42.2165,25.8007,1,0,1,8.7897,0,0.0000
P0790,8,Centro,Empresa,7,120.2029,12.6785,0,0,2,6.8279,0,0.0000
P0791,8,Centro,Empresa,8,16.0925,9.5201,0,0,1,7.4301,0,0.0000
P0792,8,Sur,Sucursal,4,NA,36.0790,0,0,0,3.9670,0,0.0000
P0793,8,Norte,Sucursal,4,165.1765,13.9870,0,0,1,4.2261,0,0.0000
P0794,8,Sur,Sucursal,5,134.9438,34.6965,1,1,4,4.8528,0,0.0000
P0795,8,Centro,Sucursal,3,91.8545,30.3493,1,1,2,3.1079,0,0.0000
P0796,8,Norte,Sucursal,5,101.6311,33.6584,0,0,1,4.9284,0,0.0000
P0797,8,Centro,Sucursal,6,138.5804,23.1076,0,0,2,5.5646,0,0.0000
P0798,8,Centro,Sucursal,9,154.9021,39.1525,0,0,2,9.7095,0,0.0000
P0799,8,Centro,Sucursal,4,25.5571,8.5977,0,0,4,3.7591,1,114586.9128
P0800,8,Centro,Empresa,5,117.8910,29.7990,0,1,2,4.4714,0,0.0000
P0801,9,Centro,Web,2,161.8541,10.3739,0,0,0,1.3641,0,0.0000
P0802,9,Centro,Web,7,136.6518,6.3361,0,1,1,6.9945,1,121250.3101
P0803,9,Norte,Web,4,64.6778,5.1172,0,1,2,4.2143,1,119999.4163
P0804,9,Centro,Sucursal,3,9.9002,32.2403,0,1,0,2.9611,0,0.0000
P0805,9,Centro,Web,6,19.2649,14.5512,0,1,1,6.4621,1,120180.2348
P0806,9,Sur,Web,8,55.2880,22.9897,0,0,0,8.0960,0,0.0000
P0807,9,Norte,Empresa,6,114.1629,31.9732,0,1,0,4.8983,0,0.0000
P0808,9,Sur,Empresa,6,93.3482,10.5694,0,0,0,6.1898,0,0.0000
P0809,9,Norte,Web,8,79.9663,7.2319,1,0,2,7.5784,1,115479.0427
P0810,9,Centro,Sucursal,4,52.1000,5.1868,0,0,1,4.5025,0,0.0000
P0811,9,Centro,Sucursal,11,108.8544,36.5512,0,0,2,10.9925,1,117464.7588
P0812,9,Norte,Sucursal,3,143.1311,38.2776,0,0,1,2.6042,0,0.0000
P0813,9,Norte,Sucursal,10,93.4871,22.5684,1,0,1,9.4929,0,0.0000
P0814,9,Sur,Sucursal,7,27.6433,19.5056,0,0,2,6.5740,0,0.0000
P0815,9,Centro,Empresa,7,73.7439,27.6284,0,1,2,6.4877,0,0.0000
P0816,9,Centro,Empresa,3,21.4168,37.2540,0,0,2,2.9486,0,0.0000
P0817,9,Sur,Empresa,13,43.5545,12.9945,1,0,1,13.0012,0,0.0000
P0818,9,Sur,Sucursal,3,171.2876,6.7314,0,1,0,2.8565,0,0.0000
P0819,9,Norte,Sucursal,6,72.3488,39.8571,0,0,4,6.3302,0,0.0000
P0820,9,Norte,Empresa,7,66.2006,30.8792,1,1,3,6.8042,1,128231.6655
P0821,9,Sur,Web,10,166.3694,13.1923,0,0,3,10.2709,0,0.0000
P0822,9,Centro,Sucursal,10,173.1325,18.2771,1,0,0,9.9047,0,0.0000
P0823,9,Norte,Sucursal,2,44.5489,6.6576,0,0,0,2.5778,0,0.0000
P0824,9,Norte,Empresa,4,170.1088,8.7581,0,0,0,3.9642,1,123609.0608
P0825,9,Norte,Web,11,141.1299,17.4598,0,0,0,10.3829,1,126297.1779
P0826,9,Sur,Sucursal,4,105.1945,19.5709,0,0,2,3.7291,0,0.0000
P0827,9,Norte,Web,6,136.3131,17.9035,0,0,2,6.5846,0,0.0000
P0828,9,Centro,Empresa,5,127.8500,30.9474,0,0,2,4.5762,0,0.0000
P0829,9,Centro,Web,2,28.1725,8.7854,0,0,3,1.9457,0,0.0000
P0830,9,Sur,Empresa,6,26.5705,25.8205,0,0,1,6.5693,0,0.0000
P0831,9,Centro,Web,8,82.3215,5.9575,0,0,0,7.9575,0,0.0000
P0832,9,Sur,Sucursal,3,157.5883,16.3955,0,0,0,3.3144,0,0.0000
P0833,9,Norte,Empresa,4,55.3918,30.9528,0,0,0,4.6886,0,0.0000
P0834,9,Centro,Empresa,6,109.9766,28.7318,0,0,1,6.0748,0,0.0000
P0835,9,Norte,Empresa,4,140.1008,15.1558,0,0,1,3.7745,0,0.0000
P0836,9,Centro,Empresa,6,113.2275,30.8334,0,1,0,6.0231,0,0.0000
P0837,9,Sur,Web,3,102.6783,9.7901,0,0,0,2.6166,0,0.0000
P0838,9,Centro,Sucursal,6,5.8846,21.7724,0,0,2,5.6860,0,0.0000
P0839,9,Sur,Sucursal,2,132.0981,23.9326,0,0,2,1.7831,1,123839.4134
P0840,9,Centro,Sucursal,5,80.2547,22.3633,0,1,3,4.4655,0,0.0000
P0841,9,Sur,Sucursal,10,71.3974,14.4030,1,1,1,9.8492,1,139770.4208
P0842,9,Centro,Empresa,8,127.8851,12.2032,0,0,3,7.9664,0,0.0000
P0843,9,Centro,Sucursal,8,50.3139,39.8131,1,0,0,7.4964,0,0.0000
P0844,9,Sur,Web,8,119.0356,36.7234,1,0,0,7.9339,0,0.0000
P0845,9,Sur,Empresa,4,157.9986,9.0257,0,0,2,3.2332,1,114389.5916
P0846,9,Centro,Web,8,16.5013,30.7817,1,0,0,7.6461,1,135957.3583
P0847,9,Sur,Empresa,8,116.5635,6.8147,0,0,1,7.3967,1,123184.0261
P0848,9,Norte,Sucursal,5,128.8556,13.5867,0,0,0,5.0645,0,0.0000
P0849,9,Norte,Web,7,120.1583,35.6815,0,0,1,7.0826,0,0.0000
P0850,9,Sur,Web,6,157.2841,7.8975,0,0,1,5.3236,0,0.0000
P0851,9,Sur,Sucursal,9,92.4257,25.7722,1,0,0,8.7050,0,0.0000
P0852,9,Norte,Sucursal,3,52.6544,12.5507,0,0,0,3.2042,0,0.0000
P0853,9,Sur,Web,6,15.6937,31.7183,0,0,0,5.9188,0,0.0000
P0854,9,Norte,Sucursal,5,118.7141,18.5845,1,0,0,4.8947,1,110089.2034
P0855,9,Sur,Sucursal,9,26.2881,7.5757,0,1,0,9.1441,0,0.0000
P0856,9,Norte,Web,5,158.4347,9.9714,0,0,0,5.1334,0,0.0000
P0857,9,Norte,Empresa,6,97.2284,9.4897,0,0,2,6.2882,0,0.0000
P0858,9,Norte,Web,8,85.9542,5.1630,0,0,1,8.1345,0,0.0000
P0859,9,Centro,Sucursal,7,129.9891,14.9132,0,1,1,7.6766,0,0.0000
P0860,9,Sur,Sucursal,5,143.8355,25.7557,0,0,2,5.2767,1,124396.7630
P0861,9,Norte,Empresa,5,44.8765,26.4625,0,1,1,5.0813,0,0.0000
P0862,9,Centro,Sucursal,9,91.3419,7.9703,0,1,1,9.0677,0,0.0000
P0863,9,Centro,Sucursal,2,29.3983,10.2950,1,0,4,2.5988,0,0.0000
P0864,9,Norte,Sucursal,6,46.6951,20.0985,1,0,1,5.4849,0,0.0000
P0865,9,Centro,Web,4,99.3676,29.5405,0,0,1,4.1058,0,0.0000
P0866,9,Norte,Empresa,5,48.0425,30.9600,0,0,2,5.3346,0,0.0000
P0867,9,Centro,Sucursal,9,75.2070,37.7165,0,0,1,9.6165,0,0.0000
P0868,9,Sur,Sucursal,4,49.5203,6.1825,1,0,0,4.6195,1,117816.5921
P0869,9,Norte,Sucursal,6,38.6485,27.1188,0,1,2,6.2527,0,0.0000
P0870,9,Centro,Web,6,75.9038,6.4981,0,0,1,6.3078,0,0.0000
P0871,9,Norte,Empresa,6,49.1320,5.0942,0,0,1,6.0819,0,0.0000
P0872,9,Centro,Sucursal,11,75.8265,28.5150,0,0,1,11.3840,0,0.0000
P0873,9,Norte,Web,6,122.6181,11.1484,0,0,0,5.5283,0,0.0000
P0874,9,Centro,Sucursal,0,162.6022,15.8377,0,0,0,0.5906,0,0.0000
P0875,9,Centro,Empresa,3,46.5005,30.9209,0,0,1,3.4791,0,0.0000
P0876,9,Sur,Empresa,9,23.9361,29.8297,1,0,1,9.2659,0,0.0000
P0877,9,Norte,Web,8,116.3491,12.5215,0,1,1,8.1411,1,119740.5955
P0878,9,Norte,Sucursal,4,126.4643,15.8544,1,1,0,4.1046,1,118782.7973
P0879,9,Centro,Empresa,12,91.8867,31.3241,0,1,2,12.1421,0,0.0000
P0880,9,Norte,Web,7,57.1107,36.4581,0,0,1,6.9366,0,0.0000
P0881,9,Centro,Sucursal,6,138.5667,38.1430,0,0,0,5.2834,0,0.0000
P0882,9,Centro,Web,9,126.3328,14.0034,0,0,0,8.7155,1,116461.9988
P0883,9,Norte,Sucursal,5,74.4936,36.3938,0,0,2,5.2242,0,0.0000
P0884,9,Sur,Web,5,21.7872,22.3812,0,0,0,4.5036,1,125853.6459
P0885,9,Norte,Sucursal,5,163.0860,22.5869,1,1,2,5.5318,0,0.0000
P0886,9,Sur,Sucursal,7,44.6845,16.3510,1,0,2,7.0407,0,0.0000
P0887,9,Norte,Web,6,86.3598,34.8992,1,0,0,6.3541,0,0.0000
P0888,9,Sur,Empresa,3,176.4885,9.2066,0,0,0,3.2227,0,0.0000
P0889,9,Centro,Web,10,66.6549,33.8150,1,1,0,9.5928,0,0.0000
P0890,9,Centro,Web,7,29.8082,24.9279,0,0,2,6.5387,0,0.0000
P0891,9,Norte,Web,7,74.2269,17.1707,0,0,1,6.9244,0,0.0000
P0892,9,Centro,Empresa,8,159.8922,38.9741,0,0,2,8.2067,0,0.0000
P0893,9,Sur,Empresa,5,12.4549,32.9548,0,1,2,5.1687,0,0.0000
P0894,9,Sur,Web,5,125.4536,28.9036,0,0,0,5.1817,0,0.0000
P0895,9,Sur,Web,9,33.1515,29.2531,0,0,0,9.2339,0,0.0000
P0896,9,Centro,Sucursal,9,77.8964,22.7173,1,0,0,9.5907,0,0.0000
P0897,9,Norte,Sucursal,4,62.9101,21.1802,0,0,1,3.7244,0,0.0000
P0898,9,Centro,Sucursal,2,61.7468,23.3683,0,0,1,2.1805,0,0.0000
P0899,9,Norte,Web,7,85.2300,11.8540,0,0,2,6.7768,0,0.0000
P0900,9,Norte,Web,10,135.9666,36.8978,0,0,1,9.8935,0,0.0000
P0901,10,Norte,Empresa,5,166.1721,36.4718,0,0,0,5.0228,0,0.0000
P0902,10,Norte,Web,6,119.6510,16.5893,1,0,3,6.4580,0,0.0000
P0903,10,Norte,Web,2,52.8272,34.0391,0,0,3,2.4110,0,0.0000
P0904,10,Centro,Empresa,8,151.0013,6.7519,1,1,0,8.1442,1,122332.2331
P0905,10,Sur,Web,3,22.9646,36.9744,0,0,4,2.7127,0,0.0000
P0906,10,Centro,Web,9,14.9459,15.2833,0,1,1,9.0153,0,0.0000
P0907,10,Norte,Sucursal,7,92.8841,13.7936,1,0,0,6.8246,0,0.0000
P0908,10,Norte,Web,6,71.6938,31.6238,1,0,1,6.4705,0,0.0000
P0909,10,Centro,Web,6,171.2350,32.4369,0,1,2,6.1719,0,0.0000
P0910,10,Centro,Sucursal,11,15.5878,22.0269,0,0,1,11.4238,0,0.0000
P0911,10,Sur,Sucursal,10,7.3131,27.0317,0,0,3,10.0515,0,0.0000
P0912,10,Centro,Empresa,7,84.8756,31.4332,1,1,0,7.8186,0,0.0000
P0913,10,Norte,Web,9,114.4781,19.6689,1,0,0,9.2347,1,121189.2776
P0914,10,Sur,Sucursal,7,165.4464,6.1943,0,0,1,7.0075,1,116317.9218
P0915,10,Norte,Empresa,6,105.9746,25.8887,0,0,1,5.1269,0,0.0000
P0916,10,Sur,Sucursal,3,35.7990,18.3863,0,0,1,2.3899,0,0.0000
P0917,10,Norte,Sucursal,6,112.1781,6.5152,1,1,0,5.9472,0,0.0000
P0918,10,Norte,Empresa,6,79.0406,28.2402,0,1,1,5.7483,0,0.0000
P0919,10,Sur,Web,3,11.2632,32.2584,0,0,1,2.9739,0,0.0000
P0920,10,Norte,Sucursal,7,52.4136,31.7366,1,0,2,6.4634,0,0.0000
P0921,10,Sur,Empresa,6,5.5671,8.1045,0,0,2,6.1682,0,0.0000
P0922,10,Norte,Web,4,81.7659,38.8742,0,0,3,3.6653,0,0.0000
P0923,10,Norte,Sucursal,4,33.8538,5.3729,0,1,1,3.7624,0,0.0000
P0924,10,Norte,Empresa,4,94.6785,7.3685,0,0,1,3.8090,1,123167.0041
P0925,10,Centro,Web,4,116.6931,34.5098,0,0,3,3.9522,0,0.0000
P0926,10,Norte,Web,10,58.5240,17.0699,0,0,2,9.7116,0,0.0000
P0927,10,Sur,Empresa,9,134.9197,29.9274,1,1,2,8.3262,0,0.0000
P0928,10,Norte,Web,5,80.3684,39.3317,0,0,1,5.6028,0,0.0000
P0929,10,Centro,Empresa,5,127.3818,13.0400,0,0,0,4.1539,0,0.0000
P0930,10,Norte,Sucursal,7,85.0819,31.0324,0,0,0,6.9201,0,0.0000
P0931,10,Norte,Sucursal,6,118.4322,15.4233,0,0,2,6.5064,0,0.0000
P0932,10,Sur,Web,8,154.3637,19.4461,0,1,1,7.6397,1,115427.0360
P0933,10,Sur,Sucursal,11,25.3941,11.3350,0,1,2,10.8569,1,126095.1618
P0934,10,Centro,Empresa,4,116.2808,15.4148,1,0,1,3.9774,0,0.0000
P0935,10,Norte,Sucursal,11,112.6265,28.6150,0,0,0,10.7347,0,0.0000
P0936,10,Norte,Web,7,99.9762,20.8302,0,1,0,8.0473,0,0.0000
P0937,10,Sur,Empresa,6,131.3490,23.1944,0,0,1,5.3871,0,0.0000
P0938,10,Norte,Empresa,8,5.6778,20.3657,0,0,1,8.0613,0,0.0000
P0939,10,Norte,Web,7,164.4353,22.7281,0,0,3,7.3486,1,118716.9616
P0940,10,Sur,Web,5,158.8504,36.9649,0,0,3,4.5819,0,0.0000
P0941,10,Norte,Sucursal,8,166.2144,12.5713,0,1,2,7.9627,1,134048.3079
P0942,10,Norte,Web,8,84.3528,25.7035,0,0,1,8.1045,0,0.0000
P0943,10,Centro,Empresa,6,78.9733,7.6975,0,0,0,5.6517,0,0.0000
P0944,10,Sur,Sucursal,3,133.6761,35.8078,0,1,2,2.8739,0,0.0000
P0945,10,Centro,Empresa,5,109.9341,21.7761,0,0,1,4.6061,0,0.0000
P0946,10,Centro,Sucursal,2,147.1089,7.1862,0,0,2,2.2221,0,0.0000
P0947,10,Sur,Sucursal,8,96.7874,28.4543,1,0,0,7.6608,0,0.0000
P0948,10,Norte,Empresa,8,27.7629,14.7501,0,1,0,8.2125,1,116118.4197
P0949,10,Norte,Web,2,142.1284,23.6861,0,0,3,2.2191,0,0.0000
P0950,10,Norte,Web,3,154.0318,9.2735,0,0,2,3.6846,1,126278.8503
P0951,10,Sur,Web,6,88.7172,10.1002,0,0,1,6.0066,0,0.0000
P0952,10,Norte,Web,11,139.0891,18.7682,0,0,2,10.5466,0,0.0000
P0953,10,Norte,Web,4,172.7564,28.1247,1,0,0,4.3148,1,103174.7555
P0954,10,Sur,Sucursal,4,37.3366,28.9615,1,0,1,4.2393,1,121394.4320
P0955,10,Norte,Sucursal,6,127.6535,33.2142,1,1,4,6.0792,0,0.0000
P0956,10,Sur,Empresa,5,78.0861,29.0159,0,1,1,5.2930,0,0.0000
P0957,10,Norte,Web,9,44.0910,34.7526,0,0,2,9.2036,0,0.0000
P0958,10,Sur,Sucursal,6,108.2384,25.3717,0,0,1,5.8858,0,0.0000
P0959,10,Centro,Web,6,53.7620,21.7786,0,0,2,5.7487,0,0.0000
P0960,10,Norte,Empresa,5,151.3415,36.1194,0,1,4,4.4705,0,0.0000
P0961,10,Norte,Empresa,4,152.9781,27.5885,1,1,1,4.1733,0,0.0000
P0962,10,Sur,Empresa,6,156.8709,11.4891,0,0,3,6.1425,0,0.0000
P0963,10,Norte,Sucursal,7,49.8605,8.9243,0,0,1,7.4838,0,0.0000
P0964,10,Norte,Sucursal,12,158.1188,12.9013,0,0,0,12.2210,1,121307.3763
P0965,10,Centro,Web,7,21.9417,10.9685,0,1,1,7.0373,0,0.0000
P0966,10,Norte,Sucursal,5,150.0974,28.0593,0,0,1,4.8307,0,0.0000
P0967,10,Sur,Web,7,109.7876,18.2765,0,0,1,7.1612,0,0.0000
P0968,10,Sur,Sucursal,4,104.4431,19.3134,0,0,2,4.4299,0,0.0000
P0969,10,Norte,Web,7,58.4529,29.7995,1,0,3,6.7678,0,0.0000
P0970,10,Centro,Web,10,144.3846,5.1547,0,0,0,9.6355,0,0.0000
P0971,10,Norte,Sucursal,10,106.2538,21.6408,0,0,1,9.7245,0,0.0000
P0972,10,Sur,Web,3,47.1826,38.5037,0,1,2,2.7304,0,0.0000
P0973,10,Sur,Web,6,165.1461,5.2781,0,1,0,5.6754,0,0.0000
P0974,10,Centro,Sucursal,7,64.4016,18.5746,0,1,2,6.2655,0,0.0000
P0975,10,Centro,Sucursal,4,124.3162,31.7221,0,1,1,4.6298,0,0.0000
P0976,10,Sur,Web,6,170.9173,28.7927,0,0,2,5.2904,0,0.0000
P0977,10,Sur,Empresa,8,64.5761,5.7055,0,0,1,9.1853,0,0.0000
P0978,10,Centro,Web,3,80.8425,13.7837,0,0,3,2.6597,0,0.0000
P0979,10,Norte,Sucursal,4,101.4576,6.5831,0,1,1,4.0852,0,0.0000
P0980,10,Norte,Empresa,10,174.0277,39.5519,0,0,0,10.5091,0,0.0000
P0981,10,Sur,Sucursal,10,154.1159,24.0411,0,0,0,10.2358,1,115041.3953
P0982,10,Centro,Sucursal,6,22.9639,8.3658,0,0,0,6.0088,0,0.0000
P0983,10,Norte,Web,6,170.5661,11.4345,1,0,0,6.4254,0,0.0000
P0984,10,Sur,Web,9,128.4863,18.0442,0,1,2,7.9152,0,0.0000
P0985,10,Sur,Empresa,7,136.5480,38.1050,0,0,1,7.2264,0,0.0000
P0986,10,Centro,Sucursal,6,38.1906,35.4193,0,0,0,5.7827,0,0.0000
P0987,10,Sur,Empresa,3,17.3510,16.7516,0,0,0,3.2629,0,0.0000
P0988,10,Sur,Web,7,170.0863,6.4169,0,0,2,6.6094,0,0.0000
P0989,10,Sur,Web,9,49.5697,27.7240,1,0,1,9.0609,0,0.0000
P0990,10,Norte,Sucursal,4,175.3994,11.0629,1,0,0,3.9975,1,129709.6912
P0991,10,Sur,Empresa,4,174.9631,34.2558,0,1,1,3.4089,0,0.0000
P0992,10,Norte,Sucursal,10,25.3630,39.2104,0,1,2,10.1116,0,0.0000
P0993,10,Sur,Empresa,2,56.3492,23.5466,0,0,2,2.2605,0,0.0000
P0994,10,Norte,Empresa,1,109.0324,38.2067,1,0,2,1.5362,0,0.0000
P0995,10,Sur,Empresa,3,58.4261,32.8193,0,0,0,3.4708,0,0.0000
P0996,10,Norte,Sucursal,5,117.9622,22.6782,0,0,2,5.8173,1,107668.9733
P0997,10,Centro,Empresa,6,32.6235,32.8952,0,0,2,5.7539,0,0.0000
P0998,10,Sur,Sucursal,8,12.0584,37.4883,0,0,2,7.9483,0,0.0000
P0999,10,Norte,Sucursal,7,50.2624,20.8256,1,0,1,6.0822,1,111649.9923
P1000,10,Centro,Sucursal,9,19.0039,20.3482,0,0,1,9.6042,0,0.0000
P1001,11,Sur,Sucursal,1,47.6265,33.2246,0,1,0,0.0329,0,0.0000
P1002,11,Sur,Sucursal,6,64.6953,5.9377,1,0,1,6.3903,0,0.0000
P1003,11,Norte,Web,9,122.3847,23.9719,0,0,0,9.5001,0,0.0000
P1004,11,Sur,Empresa,7,27.2157,26.3592,0,0,2,6.8790,1,127563.8342
P1005,11,Norte,Web,7,45.4492,32.9815,0,0,3,7.0627,0,0.0000
P1006,11,Centro,Web,6,105.9984,20.1564,0,0,4,6.7288,0,0.0000
P1007,11,Centro,Web,5,101.6562,32.9672,0,0,1,4.8252,0,0.0000
P1008,11,Centro,Empresa,10,133.7646,21.8455,0,1,3,9.9599,0,0.0000
P1009,11,Sur,Web,1,25.0573,6.5158,0,0,1,1.2220,0,0.0000
P1010,11,Centro,Web,4,148.4036,25.1835,0,0,0,4.3077,0,0.0000
P1011,11,Norte,Empresa,4,74.2064,33.6212,1,0,3,4.3170,0,0.0000
P1012,11,Norte,Web,5,37.5901,23.6609,0,0,0,4.1067,0,0.0000
P1013,11,Norte,Sucursal,4,171.9566,19.5151,0,1,1,3.1921,0,0.0000
P1014,11,Sur,Empresa,3,55.2231,23.3751,0,0,3,3.4530,0,0.0000
P1015,11,Centro,Web,2,132.6897,35.3821,0,0,4,1.3824,0,0.0000
P1016,11,Centro,Sucursal,5,177.6036,11.4690,0,0,0,5.7275,1,122452.9252
P1017,11,Norte,Web,7,139.3479,36.9568,0,0,1,7.2577,0,0.0000
P1018,11,Sur,Web,5,97.5712,5.3747,0,0,1,4.8193,0,0.0000
P1019,11,Norte,Sucursal,3,152.9332,23.3778,0,0,3,3.8446,0,0.0000
P1020,11,Norte,Web,4,106.8274,14.0009,0,0,2,4.3332,0,0.0000
P1021,11,Sur,Sucursal,3,34.7233,23.8497,0,0,1,3.1594,0,0.0000
P1022,11,Sur,Sucursal,7,131.1978,28.1589,0,0,0,7.1753,0,0.0000
P1023,11,Centro,Empresa,4,27.1324,22.8767,0,1,2,3.7857,0,0.0000
P1024,11,Norte,Web,5,88.0403,16.7495,0,0,2,5.4805,0,0.0000
P1025,11,Centro,Empresa,7,48.8633,36.8165,0,0,1,6.7175,0,0.0000
P1026,11,Centro,Empresa,8,128.5050,12.0723,0,0,3,7.2806,0,0.0000
P1027,11,Norte,Empresa,7,110.7404,16.3864,0,0,1,7.4053,1,108504.1490
P1028,11,Centro,Empresa,3,38.3353,11.6474,0,0,0,3.2858,0,0.0000
P1029,11,Sur,Empresa,8,118.9842,36.1463,0,1,2,8.3691,0,0.0000
P1030,11,Sur,Web,12,110.3701,28.5223,0,0,1,11.6776,0,0.0000
P1031,11,Sur,Sucursal,12,54.8202,27.4367,0,0,0,12.3115,0,0.0000
P1032,11,Sur,Sucursal,6,82.2707,13.9542,0,0,2,5.6323,0,0.0000
P1033,11,Centro,Sucursal,5,87.8019,15.9867,1,0,1,5.2127,0,0.0000
P1034,11,Norte,Web,5,133.2239,25.6450,0,0,0,5.2911,0,0.0000
P1035,11,Sur,Web,8,26.8000,24.5111,0,0,0,7.8255,0,0.0000
P1036,11,Centro,Sucursal,10,151.7210,36.4846,1,0,2,9.9514,0,0.0000
P1037,11,Sur,Empresa,4,96.6444,33.4993,1,0,1,3.5196,0,0.0000
P1038,11,Sur,Empresa,3,133.8805,39.9699,0,1,1,2.7131,0,0.0000
P1039,11,Sur,Sucursal,7,98.7584,22.2053,0,1,1,6.3407,0,0.0000
P1040,11,Norte,Empresa,4,157.4970,35.4037,0,0,0,3.0041,0,0.0000
P1041,11,Centro,Sucursal,7,6.8349,39.0815,0,1,3,6.9118,0,0.0000
P1042,11,Sur,Web,5,123.3522,28.4546,0,0,2,4.6128,0,0.0000
P1043,11,Norte,Empresa,4,41.2053,12.0846,0,1,1,4.1437,0,0.0000
P1044,11,Centro,Empresa,9,76.8504,31.9840,1,0,0,8.9662,1,113995.9890
P1045,11,Sur,Web,6,158.9384,29.6623,0,0,2,5.5400,0,0.0000
P1046,11,Centro,Empresa,4,107.0228,5.8063,0,0,0,4.0604,0,0.0000
P1047,11,Sur,Web,5,75.9862,28.0519,0,1,0,4.2336,0,0.0000
P1048,11,Norte,Sucursal,7,75.7738,12.4917,0,0,2,7.0666,0,0.0000
P1049,11,Sur,Empresa,7,109.1645,32.8580,0,0,0,6.8418,0,0.0000
P1050,11,Norte,Web,7,68.4546,33.6392,1,0,1,6.8442,0,0.0000
P1051,11,Sur,Empresa,5,105.5791,25.9453,0,0,1,5.0294,0,0.0000
P1052,11,Centro,Sucursal,6,85.3801,27.9312,0,1,0,5.2563,0,0.0000
P1053,11,Centro,Web,6,166.1879,15.0876,0,0,0,5.9901,0,0.0000
P1054,11,Norte,Sucursal,6,147.1412,26.7383,0,1,0,5.7232,0,0.0000
P1055,11,Norte,Web,5,152.4359,28.8902,1,0,1,4.7101,0,0.0000
P1056,11,Norte,Sucursal,7,140.6323,37.4473,0,0,1,6.8444,0,0.0000
P1057,11,Norte,Empresa,3,87.3742,15.2363,0,0,2,3.3965,0,0.0000
P1058,11,Centro,Web,8,48.0062,13.5807,0,0,0,7.7713,0,0.0000
P1059,11,Sur,Empresa,5,72.4299,22.1062,0,1,1,5.6918,0,0.0000
P1060,11,Centro,Sucursal,4,29.0627,14.0138,0,0,0,4.0031,0,0.0000
P1061,11,Norte,Web,6,40.2231,24.5961,1,1,1,6.3487,0,0.0000
P1062,11,Sur,Web,8,98.3638,33.9359,0,0,0,7.7193,0,0.0000
P1063,11,Norte,Web,4,65.7598,5.5664,0,1,2,4.4453,0,0.0000
P1064,11,Norte,Empresa,7,137.6305,29.6178,1,0,2,7.0800,0,0.0000
P1065,11,Norte,Empresa,7,155.4337,8.5774,0,0,1,6.8101,1,126595.1128
P1066,11,Sur,Sucursal,9,113.7525,8.9786,1,1,3,8.5044,1,108617.6723
P1067,11,Sur,Sucursal,3,48.1637,8.4103,0,0,0,2.9032,0,0.0000
P1068,11,Centro,Sucursal,3,60.4416,23.1066,0,0,1,3.2666,0,0.0000
P1069,11,Centro,Web,8,77.4110,30.6870,0,0,0,7.5721,0,0.0000
P1070,11,Sur,Sucursal,13,59.0840,17.9043,0,0,1,12.7449,0,0.0000
P1071,11,Sur,Web,5,98.7604,35.8426,1,0,2,5.3402,0,0.0000
P1072,11,Centro,Empresa,7,83.1434,30.3321,0,0,2,7.0376,0,0.0000
P1073,11,Norte,Empresa,8,84.6250,34.6763,0,0,1,8.4346,0,0.0000
P1074,11,Centro,Sucursal,7,14.5275,16.3493,0,0,0,7.3863,0,0.0000
P1075,11,Sur,Sucursal,4,35.7749,29.0656,0,0,2,4.5289,0,0.0000
P1076,11,Sur,Web,8,86.9361,11.2939,0,0,0,8.2136,1,110993.5635
P1077,11,Norte,Sucursal,4,26.4530,37.9294,0,0,0,4.0799,0,0.0000
P1078,11,Centro,Empresa,9,31.2074,35.3121,0,1,0,9.1062,0,0.0000
P1079,11,Centro,Empresa,6,145.7219,12.8219,0,1,2,5.7284,0,0.0000
P1080,11,Sur,Sucursal,3,16.1777,26.8453,0,0,1,3.2316,0,0.0000
P1081,11,Norte,Empresa,7,121.9561,29.1978,0,0,0,7.0570,0,0.0000
P1082,11,Sur,Empresa,8,110.8757,25.6525,1,0,2,7.4154,0,0.0000
P1083,11,Sur,Web,7,38.0901,18.3010,0,0,1,7.0294,0,0.0000
P1084,11,Norte,Empresa,8,NA,20.9450,0,0,2,8.6609,1,123121.4896
P1085,11,Norte,Web,9,53.3358,22.4991,0,0,0,9.5043,0,0.0000
P1086,11,Sur,Empresa,7,71.6059,37.5914,0,0,1,6.0473,0,0.0000
P1087,11,Centro,Web,14,19.0205,27.1253,0,1,3,13.9769,1,116676.8998
P1088,11,Norte,Web,7,90.5386,13.6162,0,0,3,7.6514,0,0.0000
P1089,11,Norte,Empresa,4,116.2549,17.4535,0,0,1,4.2796,0,0.0000
P1090,11,Centro,Empresa,2,65.3310,34.7254,1,0,1,1.4618,0,0.0000
P1091,11,Norte,Empresa,3,171.3233,23.1974,0,1,0,3.2629,0,0.0000
P1092,11,Norte,Sucursal,7,80.2086,12.8650,0,1,1,7.2281,0,0.0000
P1093,11,Centro,Empresa,3,94.0285,12.3660,1,0,3,2.4035,0,0.0000
P1094,11,Sur,Web,9,164.8347,34.6878,0,0,1,8.5366,0,0.0000
P1095,11,Norte,Web,7,123.3001,18.3951,0,0,1,6.6638,0,0.0000
P1096,11,Norte,Sucursal,7,63.4250,16.4539,0,0,2,6.9428,0,0.0000
P1097,11,Centro,Sucursal,11,151.2965,31.2093,0,0,1,10.2332,0,0.0000
P1098,11,Sur,Sucursal,6,106.6027,27.0784,1,0,0,6.1072,0,0.0000
P1099,11,Sur,Empresa,6,169.3557,15.8516,1,0,0,5.6749,0,0.0000
P1100,11,Sur,Empresa,7,138.1544,31.3956,0,1,1,7.3141,0,0.0000
P1101,12,Sur,Web,5,86.2841,25.7653,0,0,1,5.1882,0,0.0000
P1102,12,Centro,Empresa,9,106.1621,35.0423,1,0,3,8.5884,0,0.0000
P1103,12,Norte,Empresa,9,47.7673,30.1612,0,0,1,9.2664,0,0.0000
P1104,12,Centro,Empresa,7,78.1189,24.4927,0,0,4,7.1054,0,0.0000
P1105,12,Norte,Sucursal,5,72.7729,6.4949,0,0,0,4.0183,0,0.0000
P1106,12,Sur,Web,11,109.7623,14.8321,0,0,0,11.0108,0,0.0000
P1107,12,Norte,Sucursal,4,100.0917,8.9567,0,0,0,3.5025,0,0.0000
P1108,12,Centro,Web,5,34.3614,5.3366,0,0,0,4.4814,0,0.0000
P1109,12,Norte,Empresa,5,46.8211,15.6157,0,0,2,5.4721,0,0.0000
P1110,12,Sur,Web,9,30.4168,34.8181,0,1,0,8.8023,0,0.0000
P1111,12,Sur,Sucursal,4,130.2594,25.6163,0,0,0,3.6746,1,112823.3534
P1112,12,Sur,Empresa,3,62.7263,33.9627,0,0,1,3.6842,0,0.0000
P1113,12,Centro,Web,4,41.0638,34.5591,0,0,0,3.1676,0,0.0000
P1114,12,Centro,Empresa,5,174.1808,9.4024,1,0,3,5.1687,0,0.0000
P1115,12,Sur,Web,11,NA,36.5107,0,0,1,11.0957,0,0.0000
P1116,12,Sur,Web,6,82.2336,29.1124,1,0,0,6.7365,0,0.0000
P1117,12,Centro,Empresa,5,108.9085,39.8674,0,0,1,4.7977,0,0.0000
P1118,12,Centro,Sucursal,4,176.0320,19.1050,1,1,2,4.1234,1,125881.4803
P1119,12,Norte,Sucursal,3,149.4503,11.7170,1,1,2,3.4670,1,127310.3127
P1120,12,Centro,Empresa,1,107.9859,28.7017,0,0,2,1.0789,0,0.0000
P1121,12,Norte,Sucursal,10,79.1759,36.5068,0,0,0,10.1644,0,0.0000
P1122,12,Centro,Empresa,4,NA,34.3264,1,0,2,3.5933,0,0.0000
P1123,12,Norte,Sucursal,9,65.6399,37.1603,0,0,1,8.6592,0,0.0000
P1124,12,Norte,Sucursal,12,100.6267,26.5958,0,1,3,11.9453,0,0.0000
P1125,12,Norte,Empresa,11,151.3559,27.2161,0,0,0,11.1033,0,0.0000
P1126,12,Centro,Sucursal,4,51.6863,28.4865,0,0,1,4.2043,0,0.0000
P1127,12,Norte,Empresa,8,37.4259,21.9102,1,0,0,7.0614,0,0.0000
P1128,12,Sur,Sucursal,9,9.7496,26.3985,0,0,1,9.5430,0,0.0000
P1129,12,Sur,Web,7,112.0022,33.9352,1,0,0,6.9757,0,0.0000
P1130,12,Centro,Web,6,154.0108,32.9498,0,0,0,4.8180,0,0.0000
P1131,12,Norte,Web,8,56.6072,22.6392,1,1,0,7.4508,0,0.0000
P1132,12,Norte,Sucursal,7,46.0509,30.6832,0,0,0,7.2870,0,0.0000
P1133,12,Sur,Empresa,6,125.8594,16.1787,0,0,2,5.8505,0,0.0000
P1134,12,Sur,Empresa,4,115.5413,13.1820,0,0,5,4.3887,0,0.0000
P1135,12,Norte,Empresa,10,176.5953,30.7557,0,0,0,9.7075,0,0.0000
P1136,12,Norte,Sucursal,6,81.1484,25.0501,1,0,0,5.9373,0,0.0000
P1137,12,Centro,Empresa,5,136.9587,9.1263,0,0,2,4.3491,0,0.0000
P1138,12,Centro,Sucursal,5,133.6286,26.8286,0,0,3,4.6304,0,0.0000
P1139,12,Centro,Web,6,28.0889,17.6041,0,0,3,6.1512,0,0.0000
P1140,12,Centro,Sucursal,4,46.0446,17.0840,0,0,1,4.1231,0,0.0000
P1141,12,Centro,Web,3,12.5939,31.2492,1,1,4,2.8890,0,0.0000
P1142,12,Centro,Empresa,6,132.7785,23.1620,0,0,1,6.3243,0,0.0000
P1143,12,Norte,Web,8,67.6639,8.8390,0,0,2,7.4789,1,122578.1360
P1144,12,Sur,Empresa,8,22.7666,17.2717,0,1,3,8.0492,1,121121.3596
P1145,12,Norte,Sucursal,8,70.7530,11.6928,0,1,1,7.8129,0,0.0000
P1146,12,Centro,Empresa,5,48.2080,5.7847,0,1,0,4.5776,0,0.0000
P1147,12,Sur,Sucursal,8,97.7344,11.2214,0,0,2,8.1575,0,0.0000
P1148,12,Norte,Web,7,101.1313,35.8430,0,0,2,6.8452,0,0.0000
P1149,12,Centro,Empresa,7,160.0189,17.3039,0,0,1,6.2484,0,0.0000
P1150,12,Norte,Web,8,16.7623,16.1769,0,0,1,7.8597,0,0.0000
P1151,12,Norte,Web,7,157.0126,9.1305,0,1,2,7.0958,1,126789.9436
P1152,12,Norte,Sucursal,6,136.4481,39.1083,1,0,1,6.5491,0,0.0000
P1153,12,Centro,Empresa,8,129.0492,18.4024,0,0,0,8.6451,0,0.0000
P1154,12,Norte,Web,1,104.0375,13.8846,1,1,0,1.4136,0,0.0000
P1155,12,Sur,Web,10,129.9530,12.7033,0,0,1,9.9526,1,126806.1098
P1156,12,Centro,Web,4,141.7278,34.4339,1,0,1,3.9859,0,0.0000
P1157,12,Sur,Web,4,118.6570,18.2024,0,0,1,4.3182,0,0.0000
P1158,12,Norte,Web,5,10.1176,20.8968,0,0,1,5.3143,0,0.0000
P1159,12,Norte,Web,9,98.5017,30.1421,0,0,1,9.1747,0,0.0000
P1160,12,Centro,Web,10,175.0094,13.2368,0,0,2,9.2202,0,0.0000
P1161,12,Centro,Web,5,125.7762,22.5197,0,0,0,4.6157,0,0.0000
P1162,12,Norte,Sucursal,4,104.7547,39.4663,0,0,1,3.8031,0,0.0000
P1163,12,Norte,Web,7,140.4963,14.0565,0,0,0,7.0093,0,0.0000
P1164,12,Sur,Empresa,2,67.9762,15.8262,0,0,2,2.2914,0,0.0000
P1165,12,Norte,Empresa,2,7.3560,21.7575,0,0,1,2.2312,0,0.0000
P1166,12,Norte,Web,5,179.2077,8.5553,1,0,0,4.8393,0,0.0000
P1167,12,Sur,Sucursal,10,58.2006,8.9852,0,0,3,9.8928,0,0.0000
P1168,12,Norte,Empresa,7,126.2100,34.3065,0,0,1,6.5782,0,0.0000
P1169,12,Centro,Web,5,110.2104,24.8234,0,0,0,4.8668,1,106613.1327
P1170,12,Norte,Web,6,5.6813,32.8248,0,0,2,5.7064,0,0.0000
P1171,12,Sur,Sucursal,5,55.9005,22.5086,0,0,1,5.1305,1,122519.5470
P1172,12,Sur,Web,5,29.0395,18.5723,0,1,0,4.9591,0,0.0000
P1173,12,Norte,Sucursal,3,38.3883,9.2717,0,1,1,3.1515,0,0.0000
P1174,12,Centro,Web,9,159.3387,6.2187,0,0,3,8.8316,1,116089.5161
P1175,12,Centro,Empresa,3,86.8683,29.3618,0,0,2,3.0261,0,0.0000
P1176,12,Centro,Empresa,6,38.0810,15.6309,0,1,0,5.9858,0,0.0000
P1177,12,Norte,Sucursal,10,152.5990,33.1914,1,0,3,9.7894,0,0.0000
P1178,12,Sur,Empresa,6,NA,14.7319,0,0,0,6.4734,0,0.0000
P1179,12,Centro,Web,6,109.8224,31.9337,0,0,1,5.2781,0,0.0000
P1180,12,Norte,Empresa,6,84.7760,22.2076,0,1,2,6.1828,1,124157.6176
P1181,12,Centro,Empresa,3,62.4645,39.7719,0,0,4,3.3828,0,0.0000
P1182,12,Centro,Empresa,3,77.0857,8.4557,0,0,3,2.9377,1,117827.1385
P1183,12,Norte,Web,4,30.1243,34.8445,0,0,2,4.2378,0,0.0000
P1184,12,Norte,Web,5,160.0175,34.4271,0,1,0,5.2446,0,0.0000
P1185,12,Sur,Sucursal,10,119.4824,19.2082,0,0,0,10.3066,0,0.0000
P1186,12,Centro,Web,3,118.3693,37.4997,0,0,1,2.8286,0,0.0000
P1187,12,Norte,Sucursal,5,136.7406,27.4071,0,0,3,5.1839,0,0.0000
P1188,12,Norte,Sucursal,5,NA,10.2487,0,0,3,5.1173,1,111314.3775
P1189,12,Centro,Empresa,4,25.9742,24.9807,0,0,0,3.9280,0,0.0000
P1190,12,Norte,Empresa,12,26.9384,29.2856,1,1,2,12.5277,0,0.0000
P1191,12,Sur,Sucursal,6,57.7372,34.9019,0,1,0,5.9528,0,0.0000
P1192,12,Sur,Sucursal,6,53.8508,22.1485,0,1,3,6.0008,0,0.0000
P1193,12,Sur,Empresa,11,45.8199,27.6978,0,0,1,10.7431,0,0.0000
P1194,12,Centro,Web,15,177.2657,33.0228,0,0,1,15.0896,0,0.0000
P1195,12,Norte,Web,5,15.2027,19.2594,0,1,0,4.7320,0,0.0000
P1196,12,Norte,Web,10,89.1897,14.4723,0,1,2,9.7068,1,107279.5121
P1197,12,Norte,Web,8,169.0996,33.6459,0,0,0,7.5163,0,0.0000
P1198,12,Norte,Web,11,62.3404,34.6740,0,1,2,10.6889,0,0.0000
P1199,12,Centro,Web,8,149.6502,13.5121,0,0,0,7.5564,0,0.0000
P1200,12,Centro,Web,4,93.1694,39.6183,0,0,2,4.0548,0,0.0000
