reclamo_id,senales_entrega,senales_factura,senales_producto,contactos_previos,canal,clase,rol_particion
C0001,3,2,0,1,Telefono,Facturacion,entrenamiento
C0002,2,2,0,3,Web,Facturacion,entrenamiento
C0003,1,1,0,0,Web,Entrega,entrenamiento
C0004,1,2,2,5,Telefono,Producto,entrenamiento
C0005,2,1,3,0,Telefono,Entrega,entrenamiento
C0006,1,0,2,3,Web,Facturacion,entrenamiento
C0007,3,2,1,3,Web,Facturacion,entrenamiento
C0008,0,0,1,3,Web,Facturacion,entrenamiento
C0009,1,0,0,3,Telefono,Entrega,entrenamiento
C0010,2,2,0,0,Web,Entrega,entrenamiento
C0011,1,2,2,3,Telefono,Producto,entrenamiento
C0012,1,1,3,3,Telefono,Producto,entrenamiento
C0013,3,0,1,1,Web,Entrega,entrenamiento
C0014,1,1,1,1,Telefono,Entrega,entrenamiento
C0015,1,4,0,4,Web,Facturacion,entrenamiento
C0016,2,0,1,2,Telefono,Entrega,entrenamiento
C0017,1,1,2,3,Web,Entrega,entrenamiento
C0018,0,1,0,0,Web,Facturacion,entrenamiento
C0019,2,1,0,3,Web,Entrega,entrenamiento
C0020,6,2,1,1,Web,Entrega,entrenamiento
C0021,0,1,1,3,Web,Facturacion,entrenamiento
C0022,0,0,0,3,Telefono,Entrega,entrenamiento
C0023,1,1,0,1,Telefono,Entrega,entrenamiento
C0024,1,1,1,1,Telefono,Facturacion,entrenamiento
C0025,2,1,1,2,Web,Producto,entrenamiento
C0026,2,2,1,1,Web,Producto,entrenamiento
C0027,2,0,1,1,Telefono,Facturacion,entrenamiento
C0028,2,1,0,1,Telefono,Entrega,entrenamiento
C0029,0,1,4,3,Telefono,Producto,entrenamiento
C0030,3,1,2,2,Telefono,Facturacion,entrenamiento
C0031,0,3,1,1,Web,Entrega,entrenamiento
C0032,2,1,1,0,Telefono,Entrega,entrenamiento
C0033,3,1,2,4,Web,Entrega,entrenamiento
C0034,2,3,2,1,Web,Facturacion,entrenamiento
C0035,0,0,0,4,Web,Entrega,entrenamiento
C0036,1,0,0,2,Telefono,Producto,entrenamiento
C0037,1,1,0,6,Telefono,Entrega,entrenamiento
C0038,1,0,1,5,Web,Facturacion,entrenamiento
C0039,1,3,1,1,Web,Facturacion,entrenamiento
C0040,2,2,2,2,Telefono,Producto,entrenamiento
C0041,1,2,1,2,Web,Producto,entrenamiento
C0042,0,0,2,2,Telefono,Producto,entrenamiento
C0043,1,1,0,0,Web,Facturacion,entrenamiento
C0044,3,0,3,3,Telefono,Facturacion,entrenamiento
C0045,0,6,3,3,Telefono,Facturacion,entrenamiento
C0046,0,3,0,3,Telefono,Facturacion,entrenamiento
C0047,0,1,3,0,Telefono,Entrega,entrenamiento
C0048,2,1,1,4,Telefono,Producto,entrenamiento
C0049,2,1,0,2,Telefono,Entrega,entrenamiento
C0050,0,3,1,1,Telefono,Producto,entrenamiento
C0051,2,2,5,1,Telefono,Facturacion,entrenamiento
C0052,1,4,2,1,Telefono,Facturacion,entrenamiento
C0053,1,2,0,0,Web,Entrega,entrenamiento
C0054,1,1,1,1,Telefono,Entrega,entrenamiento
C0055,1,1,1,1,Web,Producto,entrenamiento
C0056,3,1,1,1,Web,Entrega,entrenamiento
C0057,1,3,0,3,Web,Facturacion,entrenamiento
C0058,3,1,0,3,Telefono,Entrega,entrenamiento
C0059,4,1,0,2,Web,Entrega,entrenamiento
C0060,1,1,2,2,Web,Producto,entrenamiento
C0061,1,2,0,0,Telefono,Facturacion,entrenamiento
C0062,1,5,1,0,Web,Entrega,entrenamiento
C0063,0,1,0,0,Web,Producto,entrenamiento
C0064,1,5,0,1,Telefono,Facturacion,entrenamiento
C0065,0,3,1,2,Telefono,Facturacion,entrenamiento
C0066,1,3,2,1,Telefono,Producto,entrenamiento
C0067,0,1,2,2,Telefono,Producto,entrenamiento
C0068,0,2,1,3,Web,Facturacion,entrenamiento
C0069,1,3,1,3,Telefono,Producto,entrenamiento
C0070,0,0,1,2,Web,Producto,entrenamiento
C0071,2,2,2,0,Web,Producto,entrenamiento
C0072,1,4,2,1,Web,Facturacion,entrenamiento
C0073,1,1,2,2,Web,Entrega,entrenamiento
C0074,3,0,1,3,Web,Entrega,entrenamiento
C0075,1,3,4,2,Web,Producto,entrenamiento
C0076,2,1,2,6,Telefono,Entrega,entrenamiento
C0077,0,1,0,1,Telefono,Entrega,entrenamiento
C0078,1,1,1,3,Web,Entrega,entrenamiento
C0079,0,3,0,2,Web,Facturacion,entrenamiento
C0080,1,2,1,1,Web,Facturacion,entrenamiento
C0081,1,2,4,2,Telefono,Producto,entrenamiento
C0082,2,2,0,3,Telefono,Facturacion,entrenamiento
C0083,0,2,0,0,Web,Entrega,entrenamiento
C0084,2,1,0,1,Web,Entrega,entrenamiento
C0085,1,1,2,1,Telefono,Producto,entrenamiento
C0086,1,1,3,0,Telefono,Entrega,entrenamiento
C0087,1,2,1,1,Web,Entrega,entrenamiento
C0088,2,1,1,2,Web,Producto,entrenamiento
C0089,0,4,4,3,Telefono,Producto,entrenamiento
C0090,0,0,2,2,Telefono,Producto,entrenamiento
C0091,1,0,0,1,Telefono,Entrega,entrenamiento
C0092,1,0,4,4,Web,Facturacion,entrenamiento
C0093,0,1,0,4,Telefono,Entrega,entrenamiento
C0094,0,1,1,3,Telefono,Producto,entrenamiento
C0095,1,2,0,2,Telefono,Facturacion,entrenamiento
C0096,1,1,0,0,Web,Entrega,entrenamiento
C0097,1,0,2,3,Web,Entrega,entrenamiento
C0098,3,0,3,1,Telefono,Entrega,entrenamiento
C0099,2,1,3,1,Telefono,Entrega,entrenamiento
C0100,1,1,2,2,Web,Entrega,entrenamiento
C0101,1,0,1,6,Telefono,Entrega,entrenamiento
C0102,0,2,0,4,Telefono,Facturacion,entrenamiento
C0103,0,1,1,1,Web,Producto,entrenamiento
C0104,1,0,2,0,Telefono,Entrega,entrenamiento
C0105,1,1,1,2,Web,Entrega,entrenamiento
C0106,1,0,2,3,Telefono,Entrega,entrenamiento
C0107,2,1,0,1,Web,Entrega,entrenamiento
C0108,1,0,0,0,Web,Entrega,entrenamiento
C0109,1,2,1,2,Web,Producto,entrenamiento
C0110,2,5,0,4,Telefono,Producto,entrenamiento
C0111,1,2,1,0,Telefono,Facturacion,entrenamiento
C0112,0,2,2,1,Web,Facturacion,entrenamiento
C0113,2,2,0,1,Web,Facturacion,entrenamiento
C0114,3,0,0,1,Web,Entrega,entrenamiento
C0115,1,1,2,1,Telefono,Producto,entrenamiento
C0116,2,1,0,4,Telefono,Entrega,entrenamiento
C0117,2,3,0,5,Web,Facturacion,entrenamiento
C0118,1,1,1,4,Web,Producto,entrenamiento
C0119,1,3,0,2,Telefono,Facturacion,entrenamiento
C0120,2,1,0,2,Web,Producto,entrenamiento
C0121,1,0,0,3,Telefono,Entrega,entrenamiento
C0122,2,2,2,2,Web,Facturacion,entrenamiento
C0123,3,0,1,3,Web,Entrega,entrenamiento
C0124,2,3,2,3,Telefono,Entrega,entrenamiento
C0125,0,2,2,0,Web,Producto,entrenamiento
C0126,4,2,1,4,Web,Facturacion,entrenamiento
C0127,2,1,2,3,Telefono,Entrega,entrenamiento
C0128,1,1,0,4,Telefono,Entrega,entrenamiento
C0129,0,2,1,1,Telefono,Producto,entrenamiento
C0130,2,3,1,4,Web,Entrega,entrenamiento
C0131,1,1,0,2,Telefono,Entrega,entrenamiento
C0132,1,4,2,2,Web,Facturacion,entrenamiento
C0133,2,2,1,2,Telefono,Entrega,entrenamiento
C0134,2,2,2,4,Telefono,Facturacion,entrenamiento
C0135,1,0,1,0,Telefono,Entrega,entrenamiento
C0136,1,1,0,3,Web,Facturacion,entrenamiento
C0137,3,4,1,0,Telefono,Facturacion,entrenamiento
C0138,1,0,2,3,Telefono,Entrega,entrenamiento
C0139,0,1,0,2,Web,Entrega,entrenamiento
C0140,0,3,1,2,Web,Producto,entrenamiento
C0141,0,2,2,0,Web,Producto,entrenamiento
C0142,2,1,1,1,Telefono,Entrega,entrenamiento
C0143,2,0,1,1,Web,Entrega,entrenamiento
C0144,0,1,0,2,Telefono,Facturacion,entrenamiento
C0145,4,1,3,2,Telefono,Entrega,entrenamiento
C0146,0,0,3,1,Web,Producto,entrenamiento
C0147,1,2,1,3,Web,Producto,entrenamiento
C0148,5,1,2,2,Web,Entrega,entrenamiento
C0149,2,1,0,4,Web,Facturacion,entrenamiento
C0150,2,1,2,5,Telefono,Entrega,entrenamiento
C0151,1,1,1,2,Web,Entrega,entrenamiento
C0152,1,2,1,3,Telefono,Producto,entrenamiento
C0153,1,1,1,2,Web,Producto,entrenamiento
C0154,1,2,3,0,Web,Producto,entrenamiento
C0155,2,4,3,1,Web,Entrega,entrenamiento
C0156,4,4,0,3,Telefono,Entrega,entrenamiento
C0157,4,1,5,1,Web,Entrega,entrenamiento
C0158,0,3,1,3,Telefono,Producto,entrenamiento
C0159,0,5,1,0,Web,Facturacion,entrenamiento
C0160,2,0,0,0,Telefono,Entrega,entrenamiento
C0161,1,1,0,4,Web,Facturacion,entrenamiento
C0162,2,1,2,3,Web,Producto,entrenamiento
C0163,2,0,0,2,Web,Entrega,entrenamiento
C0164,0,3,2,0,Web,Facturacion,entrenamiento
C0165,0,2,1,2,Telefono,Entrega,entrenamiento
C0166,2,1,1,1,Web,Producto,entrenamiento
C0167,1,0,0,2,Web,Entrega,entrenamiento
C0168,1,2,3,3,Web,Facturacion,entrenamiento
C0169,1,1,1,2,Web,Producto,entrenamiento
C0170,1,1,0,3,Telefono,Facturacion,entrenamiento
C0171,4,0,0,1,Telefono,Entrega,entrenamiento
C0172,0,0,0,1,Web,Producto,entrenamiento
C0173,2,2,2,2,Telefono,Entrega,entrenamiento
C0174,3,2,2,0,Web,Entrega,entrenamiento
C0175,2,1,1,0,Telefono,Facturacion,entrenamiento
C0176,0,1,2,0,Web,Producto,entrenamiento
C0177,0,0,2,3,Telefono,Producto,entrenamiento
C0178,1,2,4,2,Web,Producto,entrenamiento
C0179,2,3,1,2,Telefono,Facturacion,entrenamiento
C0180,0,2,2,4,Telefono,Facturacion,entrenamiento
C0181,0,1,1,2,Web,Producto,entrenamiento
C0182,2,1,2,1,Web,Entrega,entrenamiento
C0183,2,1,1,3,Web,Entrega,entrenamiento
C0184,1,1,0,0,Web,Producto,entrenamiento
C0185,2,2,1,1,Web,Facturacion,entrenamiento
C0186,1,1,3,0,Telefono,Entrega,entrenamiento
C0187,4,2,3,6,Telefono,Facturacion,entrenamiento
C0188,0,1,0,2,Telefono,Producto,entrenamiento
C0189,0,4,1,3,Telefono,Facturacion,entrenamiento
C0190,0,2,0,3,Telefono,Facturacion,entrenamiento
C0191,2,1,0,2,Telefono,Facturacion,entrenamiento
C0192,1,2,0,3,Web,Entrega,entrenamiento
C0193,0,2,3,3,Telefono,Producto,entrenamiento
C0194,3,2,1,2,Web,Producto,entrenamiento
C0195,0,1,2,3,Telefono,Entrega,entrenamiento
C0196,0,0,0,2,Telefono,Entrega,entrenamiento
C0197,2,0,1,0,Telefono,Entrega,entrenamiento
C0198,2,3,2,4,Telefono,Producto,entrenamiento
C0199,2,1,1,2,Web,Producto,entrenamiento
C0200,1,2,1,2,Telefono,Producto,entrenamiento
C0201,4,0,2,3,Web,Entrega,entrenamiento
C0202,2,2,4,3,Web,Facturacion,entrenamiento
C0203,0,1,0,0,Web,Entrega,entrenamiento
C0204,1,5,3,3,Web,Producto,entrenamiento
C0205,0,1,3,3,Web,Facturacion,entrenamiento
C0206,1,2,1,3,Telefono,Producto,entrenamiento
C0207,1,1,1,1,Telefono,Facturacion,entrenamiento
C0208,0,0,3,5,Web,Producto,entrenamiento
C0209,1,2,0,2,Web,Facturacion,entrenamiento
C0210,0,3,2,1,Web,Producto,entrenamiento
C0211,0,0,1,1,Telefono,Facturacion,entrenamiento
C0212,0,2,1,2,Telefono,Facturacion,entrenamiento
C0213,0,3,1,4,Web,Facturacion,entrenamiento
C0214,5,1,3,5,Web,Entrega,entrenamiento
C0215,1,2,1,0,Telefono,Entrega,entrenamiento
C0216,1,3,3,0,Web,Producto,entrenamiento
C0217,2,1,0,2,Telefono,Facturacion,entrenamiento
C0218,3,1,1,2,Web,Entrega,entrenamiento
C0219,4,0,3,0,Web,Entrega,entrenamiento
C0220,2,5,0,3,Web,Facturacion,entrenamiento
C0221,0,1,2,2,Telefono,Facturacion,entrenamiento
C0222,0,0,2,3,Telefono,Producto,entrenamiento
C0223,1,1,3,1,Telefono,Entrega,entrenamiento
C0224,1,0,1,2,Telefono,Facturacion,entrenamiento
C0225,0,1,0,5,Web,Facturacion,entrenamiento
C0226,4,2,3,4,Web,Entrega,entrenamiento
C0227,1,2,0,1,Telefono,Facturacion,entrenamiento
C0228,2,0,2,3,Web,Producto,entrenamiento
C0229,2,0,2,3,Telefono,Facturacion,entrenamiento
C0230,0,1,2,1,Telefono,Entrega,entrenamiento
C0231,4,4,1,2,Web,Entrega,entrenamiento
C0232,3,2,0,4,Telefono,Entrega,entrenamiento
C0233,1,5,2,2,Web,Producto,entrenamiento
C0234,3,0,0,1,Telefono,Entrega,entrenamiento
C0235,2,2,1,2,Web,Facturacion,entrenamiento
C0236,1,0,2,2,Telefono,Entrega,entrenamiento
C0237,0,0,1,2,Telefono,Entrega,entrenamiento
C0238,1,0,3,2,Web,Producto,entrenamiento
C0239,0,1,1,2,Web,Producto,entrenamiento
C0240,1,0,5,1,Web,Producto,entrenamiento
C0241,2,2,3,0,Web,Producto,entrenamiento
C0242,2,2,0,2,Web,Producto,entrenamiento
C0243,3,2,2,3,Telefono,Entrega,entrenamiento
C0244,1,1,0,1,Web,Facturacion,entrenamiento
C0245,1,0,3,0,Web,Producto,entrenamiento
C0246,0,0,1,3,Web,Facturacion,entrenamiento
C0247,2,1,1,1,Telefono,Entrega,entrenamiento
C0248,2,0,2,3,Telefono,Facturacion,entrenamiento
C0249,1,2,2,1,Web,Facturacion,entrenamiento
C0250,2,1,2,3,Telefono,Facturacion,entrenamiento
C0251,1,3,2,2,Web,Facturacion,entrenamiento
C0252,0,1,0,2,Telefono,Entrega,entrenamiento
C0253,3,0,2,2,Telefono,Entrega,entrenamiento
C0254,2,4,1,3,Telefono,Facturacion,entrenamiento
C0255,0,0,0,2,Telefono,Facturacion,entrenamiento
C0256,1,0,1,1,Telefono,Entrega,entrenamiento
C0257,0,3,4,3,Web,Producto,entrenamiento
C0258,0,1,2,4,Web,Producto,entrenamiento
C0259,4,0,1,3,Web,Entrega,entrenamiento
C0260,0,5,1,3,Telefono,Facturacion,entrenamiento
C0261,1,1,0,2,Web,Facturacion,entrenamiento
C0262,2,4,2,0,Web,Entrega,entrenamiento
C0263,0,3,0,3,Telefono,Facturacion,entrenamiento
C0264,0,5,0,0,Web,Facturacion,entrenamiento
C0265,2,0,1,5,Telefono,Entrega,entrenamiento
C0266,0,4,3,2,Telefono,Facturacion,entrenamiento
C0267,2,2,2,1,Telefono,Producto,entrenamiento
C0268,2,1,2,4,Telefono,Entrega,entrenamiento
C0269,1,3,0,3,Telefono,Entrega,entrenamiento
C0270,3,1,2,2,Telefono,Entrega,entrenamiento
C0271,1,2,0,4,Web,Facturacion,entrenamiento
C0272,3,1,1,1,Web,Entrega,entrenamiento
C0273,0,2,5,2,Telefono,Producto,entrenamiento
C0274,4,1,4,1,Telefono,Entrega,entrenamiento
C0275,1,2,1,1,Web,Facturacion,entrenamiento
C0276,3,2,3,2,Web,Facturacion,entrenamiento
C0277,1,0,7,1,Telefono,Producto,entrenamiento
C0278,4,2,2,2,Web,Facturacion,entrenamiento
C0279,2,3,1,2,Telefono,Entrega,entrenamiento
C0280,0,3,1,1,Web,Entrega,entrenamiento
C0281,0,1,0,5,Telefono,Entrega,entrenamiento
C0282,2,0,1,4,Telefono,Entrega,entrenamiento
C0283,1,1,1,1,Web,Facturacion,entrenamiento
C0284,4,3,3,1,Web,Entrega,entrenamiento
C0285,0,3,2,5,Web,Facturacion,entrenamiento
C0286,6,0,2,1,Web,Entrega,entrenamiento
C0287,0,1,3,5,Web,Producto,entrenamiento
C0288,4,5,0,2,Telefono,Facturacion,entrenamiento
C0289,3,5,0,0,Telefono,Facturacion,entrenamiento
C0290,0,0,0,0,Web,Facturacion,entrenamiento
C0291,0,1,1,5,Web,Facturacion,entrenamiento
C0292,2,3,1,1,Telefono,Facturacion,entrenamiento
C0293,0,2,1,2,Telefono,Entrega,entrenamiento
C0294,0,1,2,0,Web,Producto,entrenamiento
C0295,2,0,1,3,Web,Entrega,entrenamiento
C0296,4,0,1,1,Telefono,Producto,entrenamiento
C0297,2,0,1,5,Web,Producto,entrenamiento
C0298,4,2,0,3,Web,Entrega,entrenamiento
C0299,1,2,2,4,Web,Facturacion,entrenamiento
C0300,3,1,2,3,Web,Facturacion,entrenamiento
C0301,2,0,3,0,Web,Entrega,entrenamiento
C0302,0,0,0,3,Web,Facturacion,entrenamiento
C0303,1,1,0,3,Telefono,Entrega,entrenamiento
C0304,1,1,2,2,Web,Facturacion,entrenamiento
C0305,1,1,1,2,Web,Producto,entrenamiento
C0306,0,5,2,2,Web,Facturacion,entrenamiento
C0307,4,5,2,3,Telefono,Entrega,entrenamiento
C0308,0,0,1,0,Telefono,Producto,entrenamiento
C0309,0,0,3,0,Web,Producto,entrenamiento
C0310,1,3,0,4,Web,Facturacion,entrenamiento
C0311,1,3,0,3,Web,Facturacion,entrenamiento
C0312,2,0,3,6,Web,Producto,entrenamiento
C0313,0,3,1,2,Web,Facturacion,entrenamiento
C0314,0,0,1,0,Web,Producto,entrenamiento
C0315,0,2,1,1,Telefono,Producto,entrenamiento
C0316,4,1,1,1,Web,Entrega,entrenamiento
C0317,2,1,4,3,Telefono,Entrega,entrenamiento
C0318,2,3,1,5,Telefono,Facturacion,entrenamiento
C0319,0,2,0,1,Web,Facturacion,entrenamiento
C0320,1,2,1,4,Web,Producto,entrenamiento
C0321,0,1,0,0,Web,Facturacion,entrenamiento
C0322,1,1,3,0,Web,Entrega,entrenamiento
C0323,3,0,1,4,Telefono,Entrega,entrenamiento
C0324,6,2,3,0,Web,Entrega,entrenamiento
C0325,2,0,1,3,Web,Producto,entrenamiento
C0326,1,3,2,1,Telefono,Producto,entrenamiento
C0327,1,4,1,3,Web,Facturacion,entrenamiento
C0328,2,1,0,5,Telefono,Facturacion,entrenamiento
C0329,0,1,2,1,Web,Producto,entrenamiento
C0330,3,0,1,2,Telefono,Entrega,entrenamiento
C0331,1,2,2,4,Telefono,Producto,entrenamiento
C0332,2,1,1,1,Telefono,Entrega,entrenamiento
C0333,2,4,2,5,Telefono,Entrega,entrenamiento
C0334,1,1,1,2,Web,Producto,entrenamiento
C0335,1,3,3,3,Web,Facturacion,entrenamiento
C0336,2,0,3,4,Telefono,Entrega,entrenamiento
C0337,0,2,2,0,Telefono,Facturacion,entrenamiento
C0338,2,1,1,1,Web,Entrega,entrenamiento
C0339,3,0,2,4,Telefono,Entrega,entrenamiento
C0340,1,0,1,2,Telefono,Producto,entrenamiento
C0341,0,1,3,4,Telefono,Producto,entrenamiento
C0342,2,1,1,4,Web,Entrega,entrenamiento
C0343,1,0,1,3,Telefono,Producto,entrenamiento
C0344,1,3,1,1,Telefono,Entrega,entrenamiento
C0345,1,2,2,1,Telefono,Producto,entrenamiento
C0346,0,0,1,2,Telefono,Producto,entrenamiento
C0347,1,2,2,1,Telefono,Facturacion,entrenamiento
C0348,2,1,2,1,Telefono,Entrega,entrenamiento
C0349,1,0,3,1,Telefono,Entrega,entrenamiento
C0350,2,0,1,2,Web,Producto,entrenamiento
C0351,0,0,4,4,Telefono,Entrega,entrenamiento
C0352,0,2,0,3,Web,Facturacion,entrenamiento
C0353,4,2,2,3,Web,Entrega,entrenamiento
C0354,0,3,2,1,Web,Producto,entrenamiento
C0355,1,1,2,1,Web,Facturacion,entrenamiento
C0356,3,1,0,1,Web,Entrega,entrenamiento
C0357,1,2,1,1,Telefono,Facturacion,entrenamiento
C0358,3,2,2,3,Telefono,Entrega,entrenamiento
C0359,1,2,0,0,Telefono,Producto,entrenamiento
C0360,0,0,1,5,Telefono,Entrega,entrenamiento
C0361,1,1,1,1,Telefono,Entrega,entrenamiento
C0362,0,6,0,1,Web,Facturacion,entrenamiento
C0363,1,0,3,1,Telefono,Producto,entrenamiento
C0364,1,0,1,1,Telefono,Producto,entrenamiento
C0365,0,5,2,3,Telefono,Facturacion,entrenamiento
C0366,4,1,0,2,Telefono,Entrega,entrenamiento
C0367,2,3,1,5,Telefono,Facturacion,entrenamiento
C0368,1,4,0,3,Telefono,Facturacion,entrenamiento
C0369,3,2,1,7,Telefono,Entrega,entrenamiento
C0370,1,0,2,2,Telefono,Facturacion,entrenamiento
C0371,0,1,0,1,Web,Entrega,entrenamiento
C0372,3,2,2,4,Telefono,Facturacion,entrenamiento
C0373,0,3,2,3,Telefono,Facturacion,entrenamiento
C0374,2,0,1,2,Web,Entrega,entrenamiento
C0375,0,0,0,1,Web,Producto,entrenamiento
C0376,2,0,1,3,Telefono,Entrega,entrenamiento
C0377,2,1,0,3,Telefono,Entrega,entrenamiento
C0378,2,1,0,3,Telefono,Facturacion,entrenamiento
C0379,0,1,3,6,Web,Entrega,entrenamiento
C0380,2,1,2,3,Web,Producto,entrenamiento
C0381,2,1,1,2,Web,Entrega,entrenamiento
C0382,2,2,2,3,Telefono,Entrega,entrenamiento
C0383,0,1,0,2,Telefono,Facturacion,entrenamiento
C0384,0,2,0,5,Web,Producto,entrenamiento
C0385,2,4,1,2,Telefono,Facturacion,entrenamiento
C0386,4,1,2,1,Telefono,Facturacion,entrenamiento
C0387,2,1,1,0,Telefono,Facturacion,entrenamiento
C0388,1,2,1,1,Web,Facturacion,entrenamiento
C0389,0,2,2,4,Telefono,Facturacion,entrenamiento
C0390,0,3,2,1,Telefono,Facturacion,entrenamiento
C0391,2,1,2,0,Web,Producto,entrenamiento
C0392,4,0,0,1,Telefono,Entrega,entrenamiento
C0393,1,0,0,4,Web,Facturacion,entrenamiento
C0394,3,2,2,2,Telefono,Entrega,entrenamiento
C0395,2,1,2,1,Telefono,Producto,entrenamiento
C0396,1,0,1,3,Web,Entrega,entrenamiento
C0397,2,2,0,2,Telefono,Facturacion,entrenamiento
C0398,1,0,1,2,Web,Facturacion,entrenamiento
C0399,1,1,1,4,Telefono,Facturacion,entrenamiento
C0400,0,3,0,1,Web,Entrega,entrenamiento
C0401,4,1,0,4,Web,Entrega,entrenamiento
C0402,2,1,1,1,Telefono,Entrega,entrenamiento
C0403,0,0,2,1,Web,Producto,entrenamiento
C0404,2,3,4,4,Web,Producto,entrenamiento
C0405,2,1,1,1,Telefono,Entrega,entrenamiento
C0406,0,2,0,1,Web,Facturacion,entrenamiento
C0407,0,5,1,1,Telefono,Entrega,entrenamiento
C0408,0,1,2,0,Telefono,Facturacion,entrenamiento
C0409,0,3,3,1,Web,Producto,entrenamiento
C0410,1,1,1,3,Web,Producto,entrenamiento
C0411,0,2,1,5,Web,Facturacion,entrenamiento
C0412,1,2,1,1,Telefono,Entrega,entrenamiento
C0413,3,3,0,1,Telefono,Entrega,entrenamiento
C0414,0,1,1,1,Telefono,Producto,entrenamiento
C0415,2,3,1,0,Telefono,Facturacion,entrenamiento
C0416,1,2,0,0,Web,Entrega,entrenamiento
C0417,1,0,1,4,Telefono,Entrega,entrenamiento
C0418,0,0,4,0,Web,Producto,entrenamiento
C0419,1,0,2,2,Web,Producto,entrenamiento
C0420,0,2,2,2,Telefono,Producto,entrenamiento
C0421,0,3,2,3,Telefono,Facturacion,entrenamiento
C0422,0,2,2,2,Web,Producto,entrenamiento
C0423,2,2,1,1,Telefono,Facturacion,entrenamiento
C0424,0,2,1,0,Telefono,Facturacion,entrenamiento
C0425,3,1,4,3,Telefono,Producto,entrenamiento
C0426,0,3,1,1,Web,Facturacion,entrenamiento
C0427,1,3,0,2,Web,Entrega,entrenamiento
C0428,0,0,1,4,Telefono,Facturacion,entrenamiento
C0429,1,0,3,2,Web,Producto,entrenamiento
C0430,1,3,1,0,Web,Entrega,entrenamiento
C0431,1,1,5,1,Web,Producto,entrenamiento
C0432,2,0,0,0,Telefono,Entrega,entrenamiento
C0433,0,0,3,3,Web,Producto,entrenamiento
C0434,2,5,2,1,Web,Entrega,entrenamiento
C0435,2,0,1,4,Telefono,Producto,entrenamiento
C0436,0,0,3,3,Telefono,Producto,entrenamiento
C0437,1,1,1,3,Telefono,Facturacion,entrenamiento
C0438,0,2,1,1,Web,Entrega,entrenamiento
C0439,0,1,3,2,Web,Facturacion,entrenamiento
C0440,1,0,2,5,Telefono,Facturacion,entrenamiento
C0441,0,2,1,4,Telefono,Facturacion,entrenamiento
C0442,0,1,2,3,Telefono,Facturacion,entrenamiento
C0443,3,2,0,4,Telefono,Entrega,entrenamiento
C0444,1,1,1,4,Web,Entrega,entrenamiento
C0445,2,3,2,2,Telefono,Facturacion,entrenamiento
C0446,1,1,0,0,Telefono,Entrega,entrenamiento
C0447,3,1,0,6,Web,Entrega,entrenamiento
C0448,0,1,2,3,Web,Producto,entrenamiento
C0449,2,1,3,4,Telefono,Entrega,entrenamiento
C0450,0,0,2,0,Web,Entrega,entrenamiento
C0451,0,0,4,0,Web,Entrega,entrenamiento
C0452,1,3,2,0,Web,Facturacion,entrenamiento
C0453,1,0,1,0,Telefono,Entrega,entrenamiento
C0454,4,1,1,2,Web,Producto,entrenamiento
C0455,0,3,1,2,Web,Facturacion,entrenamiento
C0456,2,2,3,2,Web,Producto,entrenamiento
C0457,1,1,3,0,Web,Facturacion,entrenamiento
C0458,1,2,1,3,Telefono,Entrega,entrenamiento
C0459,1,1,1,2,Web,Entrega,entrenamiento
C0460,1,1,0,2,Telefono,Facturacion,entrenamiento
C0461,2,4,2,1,Telefono,Facturacion,entrenamiento
C0462,2,1,3,4,Web,Producto,entrenamiento
C0463,3,3,1,2,Web,Entrega,entrenamiento
C0464,2,1,2,4,Telefono,Entrega,entrenamiento
C0465,2,2,1,1,Web,Entrega,entrenamiento
C0466,2,1,4,1,Web,Entrega,entrenamiento
C0467,0,3,4,2,Web,Facturacion,entrenamiento
C0468,4,3,3,2,Web,Producto,entrenamiento
C0469,0,0,0,2,Telefono,Facturacion,entrenamiento
C0470,3,3,1,2,Web,Entrega,entrenamiento
C0471,2,0,1,3,Web,Entrega,entrenamiento
C0472,2,1,0,3,Telefono,Entrega,entrenamiento
C0473,1,0,1,1,Web,Facturacion,entrenamiento
C0474,2,0,2,2,Telefono,Entrega,entrenamiento
C0475,0,3,1,4,Telefono,Facturacion,entrenamiento
C0476,0,1,1,2,Telefono,Facturacion,entrenamiento
C0477,0,0,1,6,Web,Producto,entrenamiento
C0478,1,2,3,2,Telefono,Facturacion,entrenamiento
C0479,5,3,0,1,Web,Entrega,entrenamiento
C0480,0,2,1,3,Telefono,Entrega,entrenamiento
C0481,1,1,0,0,Telefono,Facturacion,entrenamiento
C0482,1,0,0,2,Web,Entrega,entrenamiento
C0483,0,1,2,1,Telefono,Entrega,entrenamiento
C0484,2,1,0,2,Web,Entrega,entrenamiento
C0485,4,1,1,2,Web,Entrega,entrenamiento
C0486,0,0,0,1,Web,Entrega,entrenamiento
C0487,4,0,1,2,Web,Entrega,entrenamiento
C0488,2,1,0,0,Web,Entrega,entrenamiento
C0489,1,2,2,1,Web,Producto,entrenamiento
C0490,1,0,1,3,Telefono,Facturacion,entrenamiento
C0491,0,1,3,2,Web,Facturacion,entrenamiento
C0492,3,2,3,0,Web,Entrega,entrenamiento
C0493,1,1,1,1,Web,Facturacion,entrenamiento
C0494,2,1,2,4,Web,Producto,entrenamiento
C0495,0,1,0,2,Web,Facturacion,entrenamiento
C0496,1,1,0,3,Web,Facturacion,entrenamiento
C0497,4,3,0,3,Web,Entrega,entrenamiento
C0498,0,1,2,3,Web,Producto,entrenamiento
C0499,1,0,3,1,Telefono,Producto,entrenamiento
C0500,0,1,1,2,Web,Producto,entrenamiento
C0501,3,2,2,0,Telefono,Facturacion,entrenamiento
C0502,3,0,3,5,Web,Producto,entrenamiento
C0503,2,1,0,0,Web,Entrega,entrenamiento
C0504,1,1,1,7,Telefono,Entrega,entrenamiento
C0505,0,1,1,4,Telefono,Entrega,entrenamiento
C0506,1,0,1,2,Telefono,Facturacion,entrenamiento
C0507,3,1,4,2,Telefono,Entrega,entrenamiento
C0508,0,0,1,1,Web,Producto,entrenamiento
C0509,1,0,0,1,Web,Entrega,entrenamiento
C0510,1,1,0,1,Web,Entrega,entrenamiento
C0511,2,2,2,1,Telefono,Facturacion,entrenamiento
C0512,0,2,2,0,Web,Producto,entrenamiento
C0513,0,0,2,5,Telefono,Producto,entrenamiento
C0514,2,1,0,3,Web,Facturacion,entrenamiento
C0515,0,2,1,2,Telefono,Facturacion,entrenamiento
C0516,2,5,3,0,Telefono,Facturacion,entrenamiento
C0517,1,1,1,1,Web,Facturacion,entrenamiento
C0518,4,1,0,5,Web,Entrega,entrenamiento
C0519,1,3,1,1,Telefono,Facturacion,entrenamiento
C0520,1,1,2,4,Telefono,Facturacion,entrenamiento
C0521,1,1,0,1,Web,Facturacion,entrenamiento
C0522,0,4,5,3,Telefono,Producto,entrenamiento
C0523,2,2,3,3,Telefono,Producto,entrenamiento
C0524,1,1,2,2,Telefono,Facturacion,entrenamiento
C0525,1,4,4,0,Web,Facturacion,entrenamiento
C0526,3,1,3,2,Telefono,Entrega,entrenamiento
C0527,1,1,0,4,Web,Facturacion,entrenamiento
C0528,2,6,2,1,Web,Entrega,entrenamiento
C0529,1,4,0,5,Telefono,Facturacion,entrenamiento
C0530,0,3,2,1,Web,Facturacion,entrenamiento
C0531,0,0,0,1,Telefono,Producto,entrenamiento
C0532,0,0,2,1,Telefono,Producto,entrenamiento
C0533,1,2,2,0,Telefono,Producto,entrenamiento
C0534,2,1,1,0,Web,Entrega,entrenamiento
C0535,0,2,2,0,Web,Facturacion,entrenamiento
C0536,1,3,1,3,Telefono,Entrega,entrenamiento
C0537,1,2,0,1,Web,Facturacion,entrenamiento
C0538,2,0,0,2,Telefono,Producto,entrenamiento
C0539,0,0,1,3,Telefono,Facturacion,entrenamiento
C0540,1,1,1,3,Telefono,Facturacion,entrenamiento
C0541,1,0,1,0,Web,Entrega,entrenamiento
C0542,3,3,1,2,Web,Facturacion,entrenamiento
C0543,1,1,2,4,Web,Entrega,entrenamiento
C0544,0,2,2,2,Telefono,Facturacion,entrenamiento
C0545,3,5,0,1,Web,Entrega,entrenamiento
C0546,2,1,0,4,Web,Entrega,entrenamiento
C0547,1,4,0,3,Web,Facturacion,entrenamiento
C0548,3,0,2,2,Telefono,Entrega,entrenamiento
C0549,2,1,3,3,Web,Entrega,entrenamiento
C0550,1,1,1,4,Telefono,Producto,entrenamiento
C0551,1,1,4,0,Web,Producto,entrenamiento
C0552,1,0,6,0,Telefono,Producto,entrenamiento
C0553,1,0,1,4,Web,Entrega,entrenamiento
C0554,0,2,2,5,Web,Producto,entrenamiento
C0555,2,0,0,0,Telefono,Entrega,entrenamiento
C0556,1,5,3,3,Telefono,Facturacion,entrenamiento
C0557,2,1,1,2,Telefono,Producto,entrenamiento
C0558,1,2,2,1,Web,Entrega,entrenamiento
C0559,0,2,2,1,Telefono,Facturacion,entrenamiento
C0560,1,2,0,0,Telefono,Facturacion,entrenamiento
C0561,0,1,2,1,Web,Entrega,entrenamiento
C0562,3,1,0,3,Web,Entrega,entrenamiento
C0563,0,3,0,3,Telefono,Facturacion,entrenamiento
C0564,1,3,0,0,Telefono,Facturacion,entrenamiento
C0565,0,3,1,4,Telefono,Facturacion,entrenamiento
C0566,3,2,0,2,Web,Facturacion,entrenamiento
C0567,0,1,3,0,Web,Producto,entrenamiento
C0568,0,0,2,0,Web,Producto,entrenamiento
C0569,1,0,4,1,Web,Producto,entrenamiento
C0570,1,0,1,3,Web,Entrega,entrenamiento
C0571,1,2,2,7,Telefono,Entrega,entrenamiento
C0572,0,2,2,3,Telefono,Facturacion,entrenamiento
C0573,3,0,1,2,Telefono,Entrega,entrenamiento
C0574,1,2,1,3,Telefono,Facturacion,entrenamiento
C0575,1,1,3,1,Web,Producto,entrenamiento
C0576,3,4,3,2,Web,Entrega,entrenamiento
C0577,2,2,0,1,Telefono,Entrega,entrenamiento
C0578,1,2,0,3,Web,Facturacion,entrenamiento
C0579,0,1,0,0,Telefono,Facturacion,entrenamiento
C0580,1,3,0,0,Telefono,Facturacion,entrenamiento
C0581,3,1,0,2,Telefono,Entrega,entrenamiento
C0582,1,1,0,2,Web,Facturacion,entrenamiento
C0583,0,0,1,4,Web,Entrega,entrenamiento
C0584,0,0,0,2,Telefono,Facturacion,entrenamiento
C0585,0,0,4,5,Telefono,Producto,entrenamiento
C0586,2,3,3,1,Telefono,Facturacion,entrenamiento
C0587,1,0,1,2,Telefono,Entrega,entrenamiento
C0588,1,1,1,2,Telefono,Facturacion,entrenamiento
C0589,1,2,6,4,Web,Producto,entrenamiento
C0590,5,2,2,1,Web,Entrega,entrenamiento
C0591,2,3,3,0,Web,Producto,entrenamiento
C0592,0,3,0,4,Web,Facturacion,entrenamiento
C0593,0,2,1,3,Web,Entrega,entrenamiento
C0594,1,2,3,0,Telefono,Producto,entrenamiento
C0595,0,0,1,0,Web,Entrega,entrenamiento
C0596,2,1,1,0,Telefono,Facturacion,entrenamiento
C0597,3,3,2,4,Web,Entrega,entrenamiento
C0598,3,1,2,4,Telefono,Entrega,entrenamiento
C0599,1,1,0,3,Telefono,Facturacion,entrenamiento
C0600,4,0,1,2,Web,Facturacion,entrenamiento
C0601,3,6,1,2,Web,Facturacion,entrenamiento
C0602,2,3,0,2,Telefono,Entrega,entrenamiento
C0603,1,1,2,3,Web,Producto,entrenamiento
C0604,2,2,1,4,Telefono,Entrega,entrenamiento
C0605,1,1,1,1,Telefono,Producto,entrenamiento
C0606,1,4,0,0,Telefono,Entrega,entrenamiento
C0607,1,1,1,1,Telefono,Entrega,entrenamiento
C0608,0,2,2,2,Web,Facturacion,entrenamiento
C0609,2,2,1,3,Web,Producto,entrenamiento
C0610,1,3,1,2,Web,Producto,entrenamiento
C0611,2,1,1,0,Telefono,Entrega,entrenamiento
C0612,2,3,2,1,Web,Facturacion,entrenamiento
C0613,2,3,1,2,Web,Facturacion,entrenamiento
C0614,1,2,2,2,Web,Producto,entrenamiento
C0615,2,0,1,3,Telefono,Entrega,entrenamiento
C0616,3,2,1,4,Web,Entrega,entrenamiento
C0617,1,0,0,2,Web,Facturacion,entrenamiento
C0618,3,2,0,2,Telefono,Entrega,entrenamiento
C0619,2,1,1,5,Web,Producto,entrenamiento
C0620,3,2,1,1,Web,Entrega,entrenamiento
C0621,0,4,1,1,Telefono,Facturacion,entrenamiento
C0622,0,2,1,2,Web,Entrega,entrenamiento
C0623,3,2,1,0,Web,Facturacion,entrenamiento
C0624,0,2,2,4,Web,Entrega,entrenamiento
C0625,1,0,0,2,Telefono,Entrega,entrenamiento
C0626,0,0,2,2,Web,Entrega,entrenamiento
C0627,3,2,0,2,Telefono,Facturacion,entrenamiento
C0628,1,0,1,4,Telefono,Entrega,entrenamiento
C0629,0,3,3,2,Web,Producto,entrenamiento
C0630,3,2,2,1,Telefono,Entrega,entrenamiento
C0631,1,0,3,3,Web,Producto,entrenamiento
C0632,4,0,2,3,Web,Entrega,entrenamiento
C0633,0,0,1,1,Web,Entrega,entrenamiento
C0634,1,1,1,4,Web,Entrega,entrenamiento
C0635,1,1,1,1,Telefono,Entrega,entrenamiento
C0636,1,2,1,4,Telefono,Facturacion,entrenamiento
C0637,1,1,2,4,Telefono,Entrega,entrenamiento
C0638,2,3,2,1,Telefono,Entrega,entrenamiento
C0639,1,1,2,2,Telefono,Producto,entrenamiento
C0640,3,3,2,3,Telefono,Entrega,entrenamiento
C0641,3,2,2,5,Web,Facturacion,entrenamiento
C0642,3,1,0,2,Web,Entrega,entrenamiento
C0643,0,2,1,1,Web,Entrega,entrenamiento
C0644,2,2,0,3,Web,Facturacion,entrenamiento
C0645,0,1,0,0,Web,Entrega,entrenamiento
C0646,3,1,1,1,Telefono,Entrega,entrenamiento
C0647,1,1,2,1,Web,Facturacion,entrenamiento
C0648,2,3,2,4,Web,Facturacion,entrenamiento
C0649,0,1,3,1,Telefono,Facturacion,entrenamiento
C0650,2,1,2,1,Web,Entrega,entrenamiento
C0651,1,2,2,1,Telefono,Entrega,entrenamiento
C0652,1,1,0,2,Web,Facturacion,entrenamiento
C0653,2,1,0,3,Web,Entrega,entrenamiento
C0654,1,4,1,0,Telefono,Entrega,entrenamiento
C0655,0,3,1,0,Web,Producto,entrenamiento
C0656,1,3,1,0,Web,Producto,entrenamiento
C0657,1,3,2,2,Telefono,Facturacion,entrenamiento
C0658,1,2,1,3,Web,Facturacion,entrenamiento
C0659,1,1,4,2,Telefono,Producto,entrenamiento
C0660,3,0,0,3,Web,Producto,entrenamiento
C0661,3,3,1,3,Telefono,Entrega,entrenamiento
C0662,0,2,4,2,Web,Producto,entrenamiento
C0663,0,1,0,3,Web,Entrega,entrenamiento
C0664,2,1,1,1,Web,Entrega,entrenamiento
C0665,2,3,0,1,Telefono,Facturacion,entrenamiento
C0666,0,0,3,5,Telefono,Producto,entrenamiento
C0667,0,1,2,3,Telefono,Facturacion,entrenamiento
C0668,0,2,3,0,Web,Facturacion,entrenamiento
C0669,0,0,3,1,Telefono,Facturacion,entrenamiento
C0670,1,1,4,1,Web,Producto,entrenamiento
C0671,3,0,0,2,Telefono,Entrega,entrenamiento
C0672,1,3,1,2,Web,Facturacion,entrenamiento
C0673,4,0,0,2,Web,Entrega,entrenamiento
C0674,3,1,2,3,Telefono,Producto,entrenamiento
C0675,0,2,0,2,Telefono,Facturacion,entrenamiento
C0676,1,1,2,4,Telefono,Facturacion,entrenamiento
C0677,1,0,0,1,Web,Entrega,entrenamiento
C0678,0,3,1,3,Web,Facturacion,entrenamiento
C0679,2,2,1,3,Web,Entrega,entrenamiento
C0680,3,2,3,0,Web,Facturacion,entrenamiento
C0681,2,2,1,1,Telefono,Entrega,entrenamiento
C0682,4,0,0,4,Telefono,Entrega,entrenamiento
C0683,1,1,3,2,Web,Producto,entrenamiento
C0684,3,1,2,2,Web,Entrega,entrenamiento
C0685,2,2,0,5,Telefono,Entrega,entrenamiento
C0686,2,2,1,2,Telefono,Facturacion,entrenamiento
C0687,1,0,3,2,Web,Producto,entrenamiento
C0688,2,2,0,3,Web,Entrega,entrenamiento
C0689,2,0,1,2,Web,Entrega,entrenamiento
C0690,1,0,2,1,Telefono,Entrega,entrenamiento
C0691,1,3,4,2,Telefono,Producto,entrenamiento
C0692,1,3,3,1,Web,Producto,entrenamiento
C0693,0,0,1,1,Web,Entrega,entrenamiento
C0694,1,1,2,0,Web,Producto,entrenamiento
C0695,1,3,1,6,Web,Facturacion,entrenamiento
C0696,2,0,0,4,Telefono,Entrega,entrenamiento
C0697,3,1,3,6,Web,Entrega,entrenamiento
C0698,1,0,1,2,Web,Facturacion,entrenamiento
C0699,1,1,0,3,Telefono,Producto,entrenamiento
C0700,1,2,1,1,Web,Facturacion,entrenamiento
C0701,0,1,0,1,Web,Facturacion,validacion
C0702,2,0,0,0,Telefono,Entrega,validacion
C0703,2,2,5,4,Web,Producto,validacion
C0704,2,0,1,1,Telefono,Producto,validacion
C0705,2,1,1,0,Telefono,Entrega,validacion
C0706,1,3,3,2,Web,Producto,validacion
C0707,2,3,0,1,Web,Facturacion,validacion
C0708,2,0,3,1,Telefono,Entrega,validacion
C0709,0,1,0,2,Web,Entrega,validacion
C0710,1,1,1,2,Telefono,Producto,validacion
C0711,3,2,3,1,Web,Facturacion,validacion
C0712,3,0,5,3,Telefono,Producto,validacion
C0713,1,1,0,1,Web,Entrega,validacion
C0714,1,1,1,1,Web,Facturacion,validacion
C0715,2,1,2,1,Web,Entrega,validacion
C0716,1,1,1,0,Telefono,Entrega,validacion
C0717,1,1,0,1,Web,Entrega,validacion
C0718,1,1,4,3,Telefono,Producto,validacion
C0719,2,1,1,1,Telefono,Entrega,validacion
C0720,2,3,1,2,Telefono,Facturacion,validacion
C0721,1,2,0,2,Telefono,Facturacion,validacion
C0722,2,1,0,0,Web,Entrega,validacion
C0723,1,1,2,1,Telefono,Entrega,validacion
C0724,2,1,0,1,Telefono,Facturacion,validacion
C0725,1,0,1,5,Web,Producto,validacion
C0726,2,1,1,1,Web,Entrega,validacion
C0727,1,2,1,3,Telefono,Facturacion,validacion
C0728,2,3,2,1,Telefono,Facturacion,validacion
C0729,0,3,0,3,Web,Producto,validacion
C0730,1,3,2,0,Telefono,Entrega,validacion
C0731,0,4,2,3,Web,Facturacion,validacion
C0732,0,3,0,3,Telefono,Facturacion,validacion
C0733,1,1,1,1,Web,Entrega,validacion
C0734,0,1,1,2,Web,Producto,validacion
C0735,0,0,1,3,Telefono,Facturacion,validacion
C0736,1,3,1,1,Telefono,Facturacion,validacion
C0737,2,1,2,7,Web,Producto,validacion
C0738,1,2,0,1,Web,Producto,validacion
C0739,0,0,1,1,Telefono,Producto,validacion
C0740,0,5,2,1,Web,Facturacion,validacion
C0741,3,5,4,1,Web,Facturacion,validacion
C0742,1,1,0,1,Web,Producto,validacion
C0743,1,0,1,5,Web,Entrega,validacion
C0744,2,2,1,1,Telefono,Entrega,validacion
C0745,3,1,3,6,Web,Producto,validacion
C0746,4,3,0,3,Web,Entrega,validacion
C0747,2,2,1,4,Telefono,Facturacion,validacion
C0748,4,1,2,5,Telefono,Entrega,validacion
C0749,1,1,2,2,Telefono,Entrega,validacion
C0750,3,2,2,2,Web,Producto,validacion
C0751,3,0,2,4,Web,Entrega,validacion
C0752,1,4,4,0,Web,Facturacion,validacion
C0753,1,0,1,1,Web,Entrega,validacion
C0754,2,3,2,4,Web,Entrega,validacion
C0755,2,1,2,1,Web,Producto,validacion
C0756,1,2,2,2,Web,Entrega,validacion
C0757,2,4,0,3,Telefono,Facturacion,validacion
C0758,4,1,3,1,Telefono,Entrega,validacion
C0759,2,1,0,2,Telefono,Producto,validacion
C0760,1,1,1,3,Web,Producto,validacion
C0761,4,0,2,3,Web,Entrega,validacion
C0762,3,2,2,3,Telefono,Entrega,validacion
C0763,1,1,2,1,Telefono,Entrega,validacion
C0764,1,4,1,0,Telefono,Facturacion,validacion
C0765,0,0,3,3,Telefono,Producto,validacion
C0766,2,2,3,1,Web,Entrega,validacion
C0767,1,1,0,1,Web,Entrega,validacion
C0768,4,0,3,6,Web,Entrega,validacion
C0769,2,1,1,4,Telefono,Producto,validacion
C0770,3,2,2,2,Web,Producto,validacion
C0771,0,0,1,3,Web,Producto,validacion
C0772,1,2,5,1,Telefono,Producto,validacion
C0773,1,1,4,2,Telefono,Producto,validacion
C0774,0,2,3,1,Telefono,Producto,validacion
C0775,1,2,0,3,Telefono,Entrega,validacion
C0776,3,1,1,2,Telefono,Entrega,validacion
C0777,5,0,2,0,Web,Entrega,validacion
C0778,1,1,0,4,Web,Entrega,validacion
C0779,1,1,1,0,Telefono,Entrega,validacion
C0780,1,2,2,1,Web,Producto,validacion
C0781,1,0,2,2,Telefono,Producto,validacion
C0782,2,1,1,2,Web,Facturacion,validacion
C0783,2,1,4,3,Web,Producto,validacion
C0784,0,1,1,3,Telefono,Producto,validacion
C0785,0,1,0,1,Web,Facturacion,validacion
C0786,1,2,1,2,Web,Facturacion,validacion
C0787,0,0,1,2,Web,Facturacion,validacion
C0788,2,0,1,0,Telefono,Entrega,validacion
C0789,0,1,2,2,Web,Entrega,validacion
C0790,1,2,4,1,Telefono,Producto,validacion
C0791,2,3,0,1,Telefono,Entrega,validacion
C0792,0,2,2,2,Web,Facturacion,validacion
C0793,5,1,1,0,Web,Entrega,validacion
C0794,1,1,2,3,Web,Facturacion,validacion
C0795,2,4,0,5,Web,Facturacion,validacion
C0796,1,2,0,1,Web,Entrega,validacion
C0797,0,0,0,2,Web,Producto,validacion
C0798,2,2,2,3,Telefono,Producto,validacion
C0799,2,2,2,0,Telefono,Facturacion,validacion
C0800,0,1,1,5,Telefono,Facturacion,validacion
C0801,2,3,1,2,Web,Entrega,validacion
C0802,2,1,1,2,Telefono,Entrega,validacion
C0803,2,0,1,2,Web,Entrega,validacion
C0804,0,1,1,2,Telefono,Producto,validacion
C0805,0,1,1,4,Web,Facturacion,validacion
C0806,0,2,2,1,Telefono,Entrega,validacion
C0807,1,0,1,2,Web,Entrega,validacion
C0808,2,3,0,1,Telefono,Facturacion,validacion
C0809,1,1,1,1,Telefono,Producto,validacion
C0810,2,4,1,1,Telefono,Facturacion,validacion
C0811,3,2,1,2,Web,Entrega,validacion
C0812,0,2,1,3,Telefono,Facturacion,validacion
C0813,1,0,2,1,Web,Entrega,validacion
C0814,1,2,4,2,Web,Facturacion,validacion
C0815,0,2,1,4,Web,Producto,validacion
C0816,2,4,1,1,Telefono,Facturacion,validacion
C0817,2,1,2,2,Web,Producto,validacion
C0818,0,3,0,3,Telefono,Facturacion,validacion
C0819,1,1,2,0,Telefono,Facturacion,validacion
C0820,1,3,1,0,Telefono,Facturacion,validacion
C0821,1,1,0,2,Web,Entrega,validacion
C0822,3,2,0,0,Web,Entrega,validacion
C0823,2,2,1,2,Web,Entrega,validacion
C0824,0,0,1,0,Web,Producto,validacion
C0825,3,1,3,5,Telefono,Producto,validacion
C0826,1,0,1,4,Telefono,Facturacion,validacion
C0827,0,0,1,5,Web,Producto,validacion
C0828,1,1,2,0,Web,Entrega,validacion
C0829,2,0,0,1,Telefono,Entrega,validacion
C0830,4,0,1,2,Web,Producto,validacion
C0831,3,0,2,4,Web,Entrega,validacion
C0832,2,0,2,0,Telefono,Entrega,validacion
C0833,3,0,1,1,Telefono,Entrega,validacion
C0834,0,0,4,4,Web,Entrega,validacion
C0835,1,1,2,1,Web,Entrega,validacion
C0836,2,1,1,2,Web,Entrega,validacion
C0837,1,3,1,0,Web,Producto,validacion
C0838,1,1,1,3,Telefono,Facturacion,validacion
C0839,1,1,1,4,Web,Producto,validacion
C0840,2,1,1,4,Telefono,Producto,validacion
C0841,2,0,0,3,Web,Entrega,validacion
C0842,0,3,0,3,Web,Facturacion,validacion
C0843,2,1,1,0,Telefono,Entrega,validacion
C0844,1,1,1,2,Telefono,Facturacion,validacion
C0845,2,1,2,4,Web,Producto,validacion
C0846,3,0,2,4,Web,Producto,validacion
C0847,0,1,4,0,Telefono,Producto,validacion
C0848,0,1,2,2,Web,Producto,validacion
C0849,0,2,2,1,Telefono,Producto,validacion
C0850,0,0,1,3,Web,Entrega,validacion
C0851,2,0,2,2,Telefono,Producto,prueba
C0852,1,1,5,1,Telefono,Producto,prueba
C0853,3,1,2,2,Web,Producto,prueba
C0854,3,2,1,3,Web,Producto,prueba
C0855,3,3,2,1,Telefono,Producto,prueba
C0856,1,1,2,2,Telefono,Entrega,prueba
C0857,0,3,0,0,Telefono,Facturacion,prueba
C0858,2,2,0,6,Telefono,Entrega,prueba
C0859,1,1,0,6,Web,Facturacion,prueba
C0860,0,0,4,3,Web,Producto,prueba
C0861,2,0,1,1,Web,Entrega,prueba
C0862,2,0,2,1,Telefono,Producto,prueba
C0863,1,1,2,3,Telefono,Facturacion,prueba
C0864,1,3,3,2,Web,Facturacion,prueba
C0865,2,1,2,3,Telefono,Producto,prueba
C0866,2,0,2,1,Telefono,Entrega,prueba
C0867,0,2,3,1,Telefono,Facturacion,prueba
C0868,2,2,2,3,Telefono,Producto,prueba
C0869,2,1,3,0,Telefono,Entrega,prueba
C0870,2,0,3,2,Telefono,Entrega,prueba
C0871,2,2,1,1,Telefono,Facturacion,prueba
C0872,1,0,0,2,Web,Entrega,prueba
C0873,2,1,0,2,Telefono,Entrega,prueba
C0874,1,7,0,5,Telefono,Facturacion,prueba
C0875,4,3,1,0,Web,Entrega,prueba
C0876,1,2,1,2,Telefono,Entrega,prueba
C0877,0,1,3,4,Web,Producto,prueba
C0878,0,0,2,1,Telefono,Entrega,prueba
C0879,1,3,2,3,Web,Facturacion,prueba
C0880,2,3,4,1,Telefono,Producto,prueba
C0881,1,2,0,0,Telefono,Facturacion,prueba
C0882,3,1,0,0,Web,Entrega,prueba
C0883,0,2,2,2,Telefono,Facturacion,prueba
C0884,5,1,3,2,Web,Producto,prueba
C0885,0,3,0,4,Web,Facturacion,prueba
C0886,0,1,3,4,Web,Producto,prueba
C0887,2,1,1,3,Web,Producto,prueba
C0888,1,2,2,1,Web,Producto,prueba
C0889,3,1,4,2,Web,Entrega,prueba
C0890,3,0,3,1,Web,Entrega,prueba
C0891,2,0,2,0,Web,Producto,prueba
C0892,1,2,2,4,Telefono,Entrega,prueba
C0893,4,3,0,5,Web,Entrega,prueba
C0894,1,3,1,2,Telefono,Facturacion,prueba
C0895,2,2,1,3,Telefono,Facturacion,prueba
C0896,1,2,0,3,Web,Entrega,prueba
C0897,0,2,1,3,Web,Entrega,prueba
C0898,0,2,2,1,Telefono,Facturacion,prueba
C0899,1,3,1,3,Telefono,Facturacion,prueba
C0900,2,3,1,3,Telefono,Entrega,prueba
C0901,1,1,3,0,Telefono,Producto,prueba
C0902,0,2,2,4,Web,Facturacion,prueba
C0903,0,2,1,0,Web,Facturacion,prueba
C0904,1,3,3,3,Telefono,Producto,prueba
C0905,2,3,0,2,Telefono,Facturacion,prueba
C0906,1,1,0,1,Telefono,Entrega,prueba
C0907,2,2,1,1,Telefono,Entrega,prueba
C0908,1,0,2,4,Telefono,Entrega,prueba
C0909,2,2,2,4,Web,Facturacion,prueba
C0910,3,2,2,1,Web,Facturacion,prueba
C0911,3,0,0,0,Telefono,Entrega,prueba
C0912,3,3,3,0,Telefono,Producto,prueba
C0913,1,3,1,5,Telefono,Producto,prueba
C0914,2,2,0,0,Web,Entrega,prueba
C0915,0,2,3,3,Web,Producto,prueba
C0916,1,1,2,2,Telefono,Producto,prueba
C0917,1,2,2,2,Telefono,Facturacion,prueba
C0918,3,2,0,0,Telefono,Entrega,prueba
C0919,0,1,0,2,Telefono,Entrega,prueba
C0920,1,2,0,1,Web,Facturacion,prueba
C0921,2,2,0,0,Web,Entrega,prueba
C0922,1,1,5,2,Telefono,Producto,prueba
C0923,0,3,2,1,Web,Facturacion,prueba
C0924,3,1,3,3,Telefono,Entrega,prueba
C0925,1,2,3,1,Web,Producto,prueba
C0926,0,2,1,2,Web,Entrega,prueba
C0927,1,3,2,3,Web,Facturacion,prueba
C0928,3,3,1,1,Web,Facturacion,prueba
C0929,0,2,2,7,Web,Facturacion,prueba
C0930,1,0,0,3,Telefono,Producto,prueba
C0931,1,0,2,2,Web,Producto,prueba
C0932,1,3,1,2,Telefono,Facturacion,prueba
C0933,0,2,0,0,Telefono,Facturacion,prueba
C0934,3,2,1,5,Web,Entrega,prueba
C0935,1,2,1,3,Telefono,Entrega,prueba
C0936,3,1,3,3,Web,Entrega,prueba
C0937,1,1,1,1,Telefono,Facturacion,prueba
C0938,1,4,2,1,Web,Facturacion,prueba
C0939,1,3,1,2,Telefono,Facturacion,prueba
C0940,0,1,2,1,Web,Producto,prueba
C0941,1,1,0,3,Telefono,Facturacion,prueba
C0942,0,0,3,3,Web,Producto,prueba
C0943,3,0,0,1,Web,Entrega,prueba
C0944,1,2,1,0,Web,Entrega,prueba
C0945,2,1,2,1,Telefono,Entrega,prueba
C0946,1,2,1,0,Web,Facturacion,prueba
C0947,2,1,2,3,Web,Producto,prueba
C0948,2,0,1,5,Telefono,Entrega,prueba
C0949,1,1,1,1,Telefono,Entrega,prueba
C0950,1,2,0,3,Telefono,Facturacion,prueba
C0951,0,1,2,3,Web,Producto,prueba
C0952,3,5,0,2,Telefono,Facturacion,prueba
C0953,3,0,2,3,Telefono,Producto,prueba
C0954,3,1,2,1,Web,Entrega,prueba
C0955,2,0,1,1,Telefono,Entrega,prueba
C0956,1,2,2,3,Web,Facturacion,prueba
C0957,1,1,2,1,Web,Producto,prueba
C0958,1,2,1,2,Telefono,Entrega,prueba
C0959,1,2,0,2,Web,Facturacion,prueba
C0960,0,3,2,3,Web,Facturacion,prueba
C0961,2,0,0,3,Telefono,Producto,prueba
C0962,1,2,1,1,Telefono,Producto,prueba
C0963,0,1,1,4,Telefono,Facturacion,prueba
C0964,1,1,1,4,Telefono,Facturacion,prueba
C0965,0,2,1,2,Web,Facturacion,prueba
C0966,3,0,2,2,Telefono,Producto,prueba
C0967,0,1,3,1,Web,Producto,prueba
C0968,1,1,3,1,Web,Facturacion,prueba
C0969,1,2,1,1,Web,Entrega,prueba
C0970,1,1,2,4,Telefono,Facturacion,prueba
C0971,1,0,0,0,Telefono,Entrega,prueba
C0972,0,2,0,2,Telefono,Facturacion,prueba
C0973,1,2,0,3,Telefono,Entrega,prueba
C0974,0,1,1,0,Telefono,Producto,prueba
C0975,1,0,0,2,Web,Entrega,prueba
C0976,1,2,3,3,Telefono,Producto,prueba
C0977,1,1,0,5,Web,Entrega,prueba
C0978,6,1,2,4,Telefono,Entrega,prueba
C0979,1,0,1,1,Web,Producto,prueba
C0980,1,0,0,0,Web,Entrega,prueba
C0981,2,2,2,3,Telefono,Producto,prueba
C0982,2,0,3,4,Web,Entrega,prueba
C0983,2,1,1,3,Telefono,Entrega,prueba
C0984,1,1,2,4,Web,Producto,prueba
C0985,4,3,0,3,Web,Facturacion,prueba
C0986,4,0,1,0,Telefono,Entrega,prueba
C0987,0,2,1,4,Telefono,Producto,prueba
C0988,2,1,2,0,Web,Facturacion,prueba
C0989,2,1,0,5,Telefono,Facturacion,prueba
C0990,3,1,5,4,Telefono,Producto,prueba
C0991,2,3,1,1,Web,Entrega,prueba
C0992,2,1,1,3,Telefono,Facturacion,prueba
C0993,0,2,1,3,Telefono,Facturacion,prueba
C0994,1,2,2,2,Telefono,Producto,prueba
C0995,1,0,2,4,Web,Producto,prueba
C0996,1,1,1,4,Telefono,Facturacion,prueba
C0997,2,0,2,1,Telefono,Entrega,prueba
C0998,2,5,2,3,Web,Facturacion,prueba
C0999,1,0,0,1,Telefono,Producto,prueba
C1000,2,3,0,4,Web,Facturacion,prueba
