lote_id,centro,turno,metodo,lineas_pedido,distancia_m,tiempo_antes_min,tiempo_despues_min,incumple_sla,alarma_previa,demanda_repuestos,costo_final_clp
L0001,Norte,Manana,Actual,19,335.8876,24.8160,28.2968,0,0,1,20489.0279
L0002,Centro,Tarde,Guiado,34,107.4995,28.8621,26.4033,0,0,2,19920.9790
L0003,Sur,Manana,Actual,32,247.9776,28.4255,30.1978,0,0,0,21059.3265
L0004,Norte,Manana,Balanceado,24,685.6279,30.4786,25.6372,0,0,4,19691.1652
L0005,Centro,Manana,Actual,25,572.5077,29.1092,29.6107,0,0,3,20883.2046
L0006,Sur,Tarde,Actual,30,550.9448,34.1477,31.1431,0,0,3,21342.9244
L0007,Norte,Manana,Actual,32,143.8095,27.3054,30.0376,0,0,1,21011.2880
L0008,Centro,Tarde,Guiado,36,374.4244,32.1302,31.2035,0,0,1,21361.0355
L0009,Sur,Tarde,Guiado,37,400.7147,33.7161,30.6954,0,0,3,21208.6122
L0010,Norte,Tarde,Actual,31,772.4668,32.1429,31.4857,0,0,3,21445.7128
L0011,Centro,Tarde,Guiado,28,527.6933,30.9926,27.0783,0,0,5,20123.4939
L0012,Sur,Manana,Guiado,25,445.1826,30.1401,25.4048,0,0,2,19621.4294
L0013,Norte,Manana,Guiado,33,480.6157,31.4634,29.7118,0,0,5,20913.5360
L0014,Centro,Tarde,Actual,32,840.4525,30.5312,32.9356,1,1,0,25880.6661
L0015,Sur,Manana,Balanceado,34,704.4918,33.0166,30.5497,0,0,2,21164.9063
L0016,Norte,Manana,Balanceado,35,816.4067,31.7415,31.8392,0,1,2,21551.7740
L0017,Centro,Tarde,Actual,43,287.1896,34.0075,31.8335,0,0,1,21550.0558
L0018,Sur,Tarde,Guiado,43,182.0706,32.9952,28.3845,0,0,1,20515.3617
L0019,Norte,Manana,Guiado,26,378.6021,29.6087,25.5578,0,0,0,19667.3281
L0020,Centro,Tarde,Balanceado,22,674.1529,30.0267,38.5733,1,1,0,27571.9788
L0021,Sur,Tarde,Guiado,30,435.9772,30.9849,27.2643,0,0,0,20179.2867
L0022,Norte,Manana,Balanceado,28,427.0090,25.9448,23.0442,0,0,3,18913.2482
L0023,Centro,Tarde,Actual,28,594.3393,29.9665,29.2211,0,0,1,20766.3319
L0024,Sur,Manana,Guiado,31,308.6026,28.9570,28.0110,0,0,2,20403.2967
L0025,Norte,Manana,Balanceado,38,230.7797,28.9907,23.9190,0,0,3,19175.7060
L0026,Centro,Manana,Balanceado,29,280.7654,25.6105,21.2984,0,0,2,18389.5340
L0027,Sur,Manana,Actual,23,264.4817,25.5106,28.0132,0,0,1,20403.9668
L0028,Norte,Manana,Balanceado,32,480.3609,28.6340,28.2717,0,0,4,20481.4998
L0029,Centro,Tarde,Balanceado,29,172.6209,25.1392,23.7349,0,0,2,19120.4763
L0030,Sur,Manana,Actual,31,263.7144,26.8476,26.9972,0,0,5,20099.1612
L0031,Norte,Manana,Balanceado,28,252.9531,27.5638,20.6735,0,0,1,18202.0564
L0032,Centro,Tarde,Guiado,32,757.0281,34.7487,31.7777,0,0,1,21533.3028
L0033,Sur,Tarde,Guiado,42,768.4418,39.2586,32.6458,1,0,3,25793.7509
L0034,Norte,Manana,Balanceado,31,509.2994,29.4461,26.0525,0,0,0,19815.7437
L0035,Centro,Manana,Guiado,25,488.8193,25.5525,29.3020,0,0,0,20790.5928
L0036,Sur,Tarde,Actual,36,760.7841,37.4191,37.9240,1,1,3,27377.2038
L0037,Norte,Tarde,Guiado,40,412.3093,35.4850,27.7489,0,0,4,20324.6781
L0038,Centro,Tarde,Actual,34,410.5749,33.0104,33.4491,1,1,1,26034.7260
L0039,Sur,Manana,Actual,27,527.1031,29.2079,28.1728,0,0,2,20451.8332
L0040,Norte,Tarde,Guiado,34,837.3951,35.1301,32.8765,1,1,2,25862.9506
L0041,Centro,Manana,Balanceado,33,415.9800,33.8289,25.9271,0,0,2,19778.1274
L0042,Sur,Tarde,Balanceado,26,433.9091,28.6559,24.2310,0,0,5,19269.2879
L0043,Norte,Tarde,Guiado,35,349.6312,32.2807,24.2788,0,1,1,19283.6519
L0044,Centro,Tarde,Guiado,22,506.9048,28.6054,24.0321,0,0,2,19209.6233
L0045,Sur,Tarde,Actual,23,791.7270,32.6181,30.1423,0,1,3,21042.6783
L0046,Norte,Manana,Balanceado,31,810.6230,32.8151,28.0308,0,0,4,20409.2289
L0047,Centro,Tarde,Actual,30,418.2576,29.8353,30.0823,0,0,2,21024.6905
L0048,Sur,Manana,Actual,29,219.5137,27.2621,30.6132,0,0,2,21183.9729
L0049,Norte,Tarde,Balanceado,29,266.5652,28.8575,25.9434,0,0,1,19783.0107
L0050,Centro,Tarde,Guiado,25,671.8847,33.5208,28.5757,0,0,0,20572.7107
L0051,Sur,Manana,Actual,36,413.4549,32.2367,31.8259,0,0,1,21547.7580
L0052,Norte,Tarde,Guiado,28,775.4299,35.4367,29.6417,0,0,1,20892.5092
L0053,Centro,Tarde,Guiado,33,220.8038,26.3735,24.8047,0,0,2,19441.4015
L0054,Sur,Tarde,Balanceado,24,575.8889,30.2399,23.8628,0,0,4,19158.8505
L0055,Norte,Manana,Balanceado,27,689.7281,25.5786,26.6144,0,0,2,19984.3273
L0056,Centro,Tarde,Balanceado,39,141.5441,29.5133,27.3450,0,0,0,20203.5111
L0057,Sur,Manana,Balanceado,26,310.3423,32.5467,23.2503,0,0,2,18975.0758
L0058,Norte,Manana,Guiado,17,157.5308,25.4319,22.2792,0,0,4,18683.7524
L0059,Centro,Manana,Balanceado,28,650.1786,27.3580,25.7317,0,0,1,19719.5225
L0060,Sur,Tarde,Actual,29,157.7858,31.0703,29.9192,0,0,1,20975.7735
L0061,Norte,Manana,Balanceado,34,420.7477,28.7512,27.1654,0,1,1,20149.6062
L0062,Centro,Manana,Actual,30,572.5817,29.0788,28.0642,0,0,3,20419.2706
L0063,Sur,Tarde,Balanceado,39,299.5341,31.8067,29.9955,0,0,4,20998.6469
L0064,Norte,Manana,Guiado,26,170.3725,25.2168,23.7389,0,0,1,19121.6680
L0065,Centro,Tarde,Actual,28,317.3712,29.1868,28.1761,0,0,3,20452.8159
L0066,Sur,Tarde,Actual,26,734.9907,32.2928,32.8875,1,1,3,25866.2577
L0067,Norte,Manana,Balanceado,26,364.7692,27.6567,22.9300,0,0,1,18878.9906
L0068,Centro,Manana,Guiado,42,804.9205,33.8030,32.4865,1,1,6,25745.9509
L0069,Sur,Tarde,Actual,34,849.1496,35.5389,33.2266,1,1,3,25967.9795
L0070,Norte,Manana,Balanceado,33,531.5783,31.3755,27.1881,0,0,1,20156.4445
L0071,Centro,Manana,Guiado,43,652.7927,32.9307,33.2010,1,1,1,25960.2860
L0072,Sur,Tarde,Balanceado,33,812.8640,39.9243,35.7530,1,1,1,26725.9070
L0073,Norte,Tarde,Balanceado,28,403.0744,28.0028,27.0231,0,0,1,20106.9263
L0074,Centro,Manana,Balanceado,23,637.6144,23.3050,24.6926,0,0,3,19407.7695
L0075,Sur,Tarde,Guiado,29,646.8744,36.1922,29.8464,0,0,2,20953.9120
L0076,Norte,Manana,Actual,29,498.5065,30.7908,29.1142,0,1,5,20734.2458
L0077,Centro,Manana,Guiado,36,436.9390,27.9694,32.0782,1,1,4,25623.4569
L0078,Sur,Tarde,Actual,21,813.9768,33.1646,32.5805,1,0,5,25774.1430
L0079,Norte,Manana,Actual,32,619.8316,29.5992,33.6095,1,1,3,26082.8599
L0080,Centro,Manana,Actual,29,442.0162,30.1157,29.7266,0,1,3,20917.9765
L0081,Sur,Tarde,Actual,40,722.7290,38.5648,37.7104,1,1,4,27313.1324
L0082,Norte,Manana,Balanceado,38,789.5573,32.1039,29.6567,0,0,4,20897.0139
L0083,Centro,Tarde,Guiado,26,732.8829,29.6574,31.2084,0,0,2,21362.5145
L0084,Sur,Manana,Guiado,28,498.2556,29.0373,26.3746,0,0,3,19912.3947
L0085,Norte,Tarde,Actual,40,515.6646,32.3331,32.3301,1,0,3,25699.0381
L0086,Centro,Tarde,Actual,28,781.7184,32.9593,32.1703,1,1,3,25651.0925
L0087,Sur,Manana,Actual,33,429.3911,27.3539,32.9422,1,1,1,25882.6719
L0088,Norte,Tarde,Balanceado,33,442.9798,30.9676,29.7177,0,0,3,20915.3022
L0089,Centro,Manana,Guiado,30,375.7447,25.7681,25.9463,0,1,3,19783.8958
L0090,Sur,Manana,Balanceado,24,329.4381,28.0197,26.0884,0,0,3,19826.5160
L0091,Norte,Manana,Guiado,35,623.7355,31.0055,32.6813,1,1,1,25804.3977
L0092,Centro,Tarde,Guiado,31,414.7582,32.7571,29.6501,0,0,2,20895.0288
L0093,Sur,Tarde,Actual,27,588.4520,30.3307,32.2440,1,1,1,25673.2032
L0094,Norte,Manana,Balanceado,30,105.0145,24.3108,18.8666,0,0,1,17659.9671
L0095,Centro,Tarde,Guiado,30,136.8970,27.0556,26.0097,0,0,5,19802.8985
L0096,Sur,Manana,Actual,36,427.4399,32.4966,33.4003,1,1,6,26020.0896
L0097,Norte,Manana,Actual,25,756.7827,35.8822,30.4857,0,0,3,21145.7093
L0098,Centro,Tarde,Actual,39,361.7957,31.0485,31.2322,0,0,1,21369.6690
L0099,Sur,Manana,Actual,48,698.4501,36.0515,39.0800,1,1,1,27723.9939
L0100,Norte,Tarde,Balanceado,35,628.9008,34.0112,28.7202,0,0,1,20616.0455
L0101,Centro,Tarde,Actual,33,364.2465,25.9272,31.9944,0,0,2,21598.3168
L0102,Sur,Tarde,Balanceado,33,734.7142,39.0506,27.3752,0,0,3,20212.5490
L0103,Norte,Tarde,Guiado,37,145.2069,29.6776,30.8166,0,0,3,21244.9771
L0104,Centro,Tarde,Balanceado,32,141.5078,29.6462,24.3469,0,0,2,19304.0825
L0105,Sur,Tarde,Balanceado,28,268.7994,32.6573,25.3020,0,0,3,19590.6126
L0106,Norte,Tarde,Guiado,32,347.7128,27.1042,26.4163,0,0,1,19924.8908
L0107,Centro,Tarde,Guiado,42,609.1550,32.4163,27.1749,0,0,3,20152.4586
L0108,Sur,Manana,Actual,39,536.5166,30.3491,33.5230,1,1,0,26056.8894
L0109,Norte,Tarde,Guiado,36,405.8362,31.8158,33.4193,1,1,5,26025.7868
L0110,Centro,Manana,Balanceado,36,139.9848,24.3390,22.5243,0,0,3,18757.2798
L0111,Sur,Tarde,Balanceado,22,483.5194,29.3778,29.6185,0,0,5,20885.5411
L0112,Norte,Tarde,Balanceado,34,519.5435,32.7913,28.2310,0,0,2,20469.2850
L0113,Centro,Manana,Actual,31,645.7975,32.6282,35.5332,1,1,1,26659.9587
L0114,Sur,Manana,Balanceado,34,679.2275,33.8384,29.6775,0,0,2,20903.2606
L0115,Norte,Tarde,Actual,31,591.1118,28.1931,28.5953,0,0,2,20578.5969
L0116,Centro,Tarde,Balanceado,19,753.0492,30.2824,26.6056,0,1,2,19981.6880
L0117,Sur,Tarde,Guiado,27,204.8926,28.2512,29.1203,0,0,4,20736.0770
L0118,Norte,Tarde,Actual,33,527.2071,32.1258,32.2992,1,0,0,25689.7454
L0119,Centro,Manana,Actual,31,455.7329,26.5508,30.7644,0,1,4,21229.3072
L0120,Sur,Tarde,Balanceado,30,131.1288,24.9638,26.7112,0,0,2,20013.3487
L0121,Norte,Tarde,Actual,33,613.9781,33.3160,29.6395,0,0,1,20891.8440
L0122,Centro,Tarde,Actual,31,479.5157,30.9689,25.8448,0,0,0,19753.4427
L0123,Sur,Manana,Actual,28,559.4675,28.9410,30.4628,0,0,1,21138.8400
L0124,Norte,Tarde,Actual,29,156.8827,26.1518,28.3465,0,0,7,20503.9374
L0125,Centro,Tarde,Balanceado,33,760.7759,32.4646,29.6697,0,1,4,20900.9010
L0126,Sur,Tarde,Balanceado,31,582.2943,32.2990,30.1778,0,1,3,21053.3435
L0127,Norte,Manana,Balanceado,31,480.7108,29.0195,27.8180,0,1,5,20345.4126
L0128,Centro,Manana,Guiado,36,151.3767,29.1290,22.6612,0,0,2,18798.3523
L0129,Sur,Manana,Actual,33,362.7925,34.9302,28.1914,0,1,3,20457.4204
L0130,Norte,Manana,Balanceado,27,671.6089,30.8501,26.0525,0,0,3,19815.7533
L0131,Centro,Tarde,Balanceado,29,341.7623,28.2254,24.1917,0,0,4,19257.4973
L0132,Sur,Manana,Balanceado,23,371.4577,27.3800,22.6440,0,0,2,18793.2039
L0133,Norte,Tarde,Actual,27,400.1081,27.3743,25.1866,0,0,2,19555.9667
L0134,Centro,Tarde,Guiado,26,705.9837,30.0777,27.6655,0,0,1,20299.6431
L0135,Sur,Tarde,Balanceado,35,513.8815,33.1532,30.2071,0,0,1,21062.1340
L0136,Norte,Manana,Balanceado,21,661.8494,26.6752,24.3583,0,0,2,19307.4780
L0137,Centro,Manana,Guiado,29,275.6819,27.0511,26.3797,0,0,0,19913.8978
L0138,Sur,Manana,Balanceado,28,709.4695,30.7793,26.9438,0,0,4,20083.1377
L0139,Norte,Manana,Guiado,27,207.6410,28.5298,25.6303,0,0,2,19689.0794
L0140,Centro,Tarde,Balanceado,29,767.1492,30.7061,32.0226,1,1,2,25606.7717
L0141,Sur,Tarde,Guiado,28,661.7957,33.4975,34.0326,1,1,1,26209.7756
L0142,Norte,Tarde,Balanceado,33,426.0552,32.9979,26.4407,0,0,1,19932.2000
L0143,Centro,Tarde,Balanceado,36,681.5745,35.3001,31.4255,0,0,1,21427.6645
L0144,Sur,Tarde,Balanceado,31,192.5896,29.0794,27.4890,0,0,0,20246.7055
L0145,Norte,Tarde,Actual,32,367.5300,27.8227,29.9847,0,0,1,20995.4226
L0146,Centro,Tarde,Actual,38,198.9830,28.3316,31.3908,0,0,3,21417.2341
L0147,Sur,Tarde,Balanceado,25,307.9875,27.9806,25.1712,0,0,1,19551.3526
L0148,Norte,Tarde,Balanceado,27,380.5031,28.2051,23.7681,0,0,2,19130.4350
L0149,Centro,Manana,Balanceado,27,142.9567,24.7644,23.0344,0,0,0,18910.3349
L0150,Sur,Manana,Balanceado,31,150.6433,33.0601,23.4272,0,0,3,19028.1540
L0151,Norte,Tarde,Balanceado,40,472.2508,36.6926,29.6792,0,0,3,20903.7618
L0152,Centro,Tarde,Actual,34,625.0055,34.0048,30.7106,0,1,1,21213.1748
L0153,Sur,Tarde,Guiado,23,754.4567,29.2820,26.8968,0,0,1,20069.0303
L0154,Norte,Manana,Guiado,29,587.7637,29.1360,29.2075,0,0,0,20762.2564
L0155,Centro,Tarde,Actual,26,849.2811,29.5671,35.8741,1,0,5,26762.2160
L0156,Sur,Manana,Balanceado,29,796.6011,34.1777,30.4821,0,0,2,21144.6306
L0157,Norte,Manana,Guiado,28,814.7054,31.6307,32.8642,1,0,0,25859.2595
L0158,Centro,Manana,Actual,36,639.6622,32.9006,33.6674,1,1,1,26100.2292
L0159,Sur,Tarde,Actual,32,685.5513,33.1827,31.5386,0,0,2,21461.5768
L0160,Norte,Manana,Actual,37,741.6435,31.5954,31.1875,0,0,4,21356.2442
L0161,Centro,Tarde,Balanceado,27,827.5653,33.1453,29.1079,0,0,2,20732.3660
L0162,Sur,Tarde,Actual,41,232.7048,31.4969,34.4149,1,1,4,26324.4833
L0163,Norte,Manana,Guiado,24,809.2119,30.1079,27.5524,0,0,1,20265.7093
L0164,Centro,Tarde,Guiado,34,675.3998,35.3474,31.1344,0,0,2,21340.3219
L0165,Sur,Manana,Guiado,36,425.1435,33.3766,28.8629,0,0,1,20658.8777
L0166,Norte,Manana,Balanceado,26,247.2508,27.9457,22.9917,0,0,1,18897.5236
L0167,Centro,Manana,Actual,29,742.7093,35.1078,32.6503,1,1,3,25795.0941
L0168,Sur,Tarde,Guiado,25,117.8901,29.4681,38.2917,1,1,1,27487.5232
L0169,Norte,Tarde,Balanceado,34,173.0202,26.7714,24.8975,0,0,3,19469.2414
L0170,Centro,Tarde,Guiado,29,645.7005,31.7472,24.7262,0,1,1,19417.8577
L0171,Sur,Tarde,Actual,34,443.4074,33.0578,33.5098,1,1,1,26052.9342
L0172,Norte,Manana,Guiado,33,371.1182,32.1982,27.9298,0,0,5,20378.9359
L0173,Centro,Tarde,Actual,37,635.4400,29.7219,34.2456,1,0,4,26273.6928
L0174,Sur,Tarde,Actual,40,162.9523,32.8085,32.4787,1,0,2,25743.5962
L0175,Norte,Manana,Actual,22,793.3117,32.1963,26.5259,0,0,1,19957.7805
L0176,Centro,Tarde,Actual,38,447.3759,31.1921,33.1622,1,0,3,25948.6644
L0177,Sur,Manana,Actual,28,229.8442,26.3690,27.3361,0,1,3,20200.8163
L0178,Norte,Tarde,Guiado,33,149.4565,24.6180,29.6923,0,0,6,20907.6850
L0179,Centro,Tarde,Actual,32,548.6720,30.8462,31.5122,0,1,2,21453.6574
L0180,Sur,Tarde,Guiado,22,232.0143,30.2608,22.6157,0,0,1,18784.6965
L0181,Norte,Tarde,Guiado,37,132.5051,29.2800,28.9670,0,0,2,20690.0940
L0182,Centro,Manana,Actual,28,472.1426,27.3238,29.8669,0,1,1,20960.0560
L0183,Sur,Manana,Balanceado,31,181.3685,26.3972,24.3915,0,1,0,19317.4492
L0184,Norte,Tarde,Actual,28,712.6445,33.2035,31.1529,0,0,5,21345.8801
L0185,Centro,Tarde,Balanceado,28,498.0319,30.2258,26.4443,0,0,1,19933.2796
L0186,Sur,Manana,Actual,31,776.9146,33.1108,32.1033,1,1,1,25630.9983
L0187,Norte,Manana,Guiado,22,275.9131,23.7947,24.1191,0,0,1,19235.7396
L0188,Centro,Tarde,Actual,29,175.4594,28.0990,27.6011,0,0,1,20280.3221
L0189,Sur,Tarde,Guiado,37,645.9096,34.8031,30.4247,0,0,3,21127.4165
L0190,Norte,Manana,Guiado,35,295.5386,29.7232,28.5279,0,0,1,20558.3554
L0191,Centro,Manana,Guiado,37,398.2560,34.3750,28.1668,0,0,0,20450.0509
L0192,Sur,Tarde,Guiado,21,349.0910,33.1041,24.7587,0,0,2,19427.6234
L0193,Norte,Tarde,Guiado,43,802.0873,35.8557,35.5678,1,1,3,26670.3309
L0194,Centro,Tarde,Guiado,29,285.4990,33.5023,23.0430,0,1,0,18912.8858
L0195,Sur,Tarde,Guiado,25,433.8480,30.9340,30.2343,0,0,4,21070.2872
L0196,Norte,Tarde,Actual,25,734.9136,29.6117,30.6692,0,0,3,21200.7573
L0197,Centro,Manana,Balanceado,38,360.2589,28.8872,30.4813,0,0,5,21144.3996
L0198,Sur,Tarde,Actual,32,793.0907,33.7782,40.2125,1,1,4,28063.7519
L0199,Norte,Manana,Guiado,27,449.5079,22.8503,25.6458,0,0,2,19693.7293
L0200,Centro,Manana,Balanceado,31,356.7386,29.9755,25.2834,0,0,4,19585.0189
L0201,Sur,Tarde,Balanceado,35,207.9399,30.9991,27.8651,0,0,2,20359.5178
L0202,Norte,Tarde,Actual,28,529.7569,28.0445,32.3362,1,1,1,25700.8714
L0203,Centro,Manana,Actual,31,220.0661,27.2739,25.6819,0,1,2,19704.5840
L0204,Sur,Manana,Balanceado,30,156.9379,27.2003,25.1809,0,0,4,19554.2728
L0205,Norte,Tarde,Balanceado,32,637.7872,33.2797,24.2558,0,0,6,19276.7524
L0206,Centro,Tarde,Guiado,29,163.9339,26.6333,25.7508,0,0,3,19725.2548
L0207,Sur,Manana,Guiado,24,281.2672,28.3263,25.2384,0,0,1,19571.5067
L0208,Norte,Tarde,Actual,31,378.7227,29.2338,32.3866,1,1,1,25715.9748
L0209,Centro,Manana,Guiado,24,248.3868,24.2653,26.7916,0,0,4,20037.4806
L0210,Sur,Manana,Guiado,32,192.0172,28.3205,29.0940,0,0,2,20728.2097
L0211,Norte,Tarde,Balanceado,37,848.2943,33.1795,29.8233,0,0,3,20947.0038
L0212,Centro,Manana,Guiado,36,256.6703,31.0983,27.7791,0,0,4,20333.7409
L0213,Sur,Tarde,Balanceado,26,361.6365,32.0292,29.7074,0,0,3,20912.2293
L0214,Norte,Manana,Actual,31,491.3957,28.5270,30.5649,0,0,3,21169.4718
L0215,Centro,Tarde,Guiado,24,505.9623,29.0864,26.1654,0,1,4,19849.6330
L0216,Sur,Manana,Balanceado,28,607.2542,33.0793,27.1353,0,0,2,20140.5889
L0217,Norte,Tarde,Guiado,35,355.6929,33.1428,32.1997,1,1,2,25659.9196
L0218,Centro,Tarde,Actual,29,576.3300,30.5780,29.8453,0,0,4,20953.5870
L0219,Sur,Manana,Balanceado,25,328.5613,31.1858,23.3192,0,0,1,18995.7576
L0220,Norte,Manana,Guiado,28,752.1030,33.8205,24.8641,0,0,0,19459.2279
L0221,Centro,Tarde,Balanceado,30,794.8891,30.5495,29.0547,0,0,2,20716.4171
L0222,Sur,Manana,Balanceado,40,650.1763,38.0961,32.6420,1,1,1,25792.6142
L0223,Norte,Tarde,Balanceado,30,281.8107,26.5799,26.4916,0,0,2,19947.4770
L0224,Centro,Manana,Actual,39,795.5819,36.2134,35.4463,1,1,2,26633.8767
L0225,Sur,Tarde,Balanceado,27,757.5402,32.1947,28.8185,0,0,3,20645.5456
L0226,Norte,Tarde,Guiado,24,147.2971,26.8802,23.0854,0,0,3,18925.6237
L0227,Centro,Manana,Actual,27,485.5940,28.5373,28.5269,0,0,1,20558.0576
L0228,Sur,Manana,Actual,24,753.3413,30.8460,31.4904,0,0,0,21447.1236
L0229,Norte,Manana,Balanceado,30,216.5295,27.2375,26.3132,0,1,2,19893.9555
L0230,Centro,Manana,Actual,27,319.1515,28.4388,24.1367,0,0,0,19241.0006
L0231,Sur,Tarde,Guiado,35,475.1990,29.3907,33.1623,1,0,2,25948.6962
L0232,Norte,Manana,Guiado,25,574.6314,33.0134,26.3024,0,0,5,19890.7198
L0233,Centro,Tarde,Guiado,31,301.9198,30.4728,23.5824,0,0,1,19074.7321
L0234,Sur,Manana,Actual,36,528.8270,33.2410,33.5317,1,1,2,26059.5085
L0235,Norte,Tarde,Balanceado,34,166.6524,29.1862,24.1476,0,0,2,19244.2891
L0236,Centro,Manana,Balanceado,29,508.4897,29.8748,23.6154,0,0,1,19084.6063
L0237,Sur,Tarde,Actual,27,698.4718,33.0873,31.2232,0,0,5,21366.9544
L0238,Norte,Manana,Guiado,32,700.4443,30.8149,29.9350,0,0,1,20980.4953
L0239,Centro,Manana,Balanceado,31,208.8081,29.4647,27.2799,0,0,1,20183.9838
L0240,Sur,Manana,Actual,25,556.9673,34.4433,32.6001,1,1,3,25780.0429
L0241,Norte,Manana,Actual,34,576.7649,28.4330,29.8942,0,1,3,20968.2658
L0242,Centro,Tarde,Balanceado,37,407.0409,30.3429,28.8635,0,0,3,20659.0475
L0243,Sur,Manana,Balanceado,35,397.4217,28.8197,25.7112,0,0,3,19713.3725
L0244,Norte,Manana,Actual,40,592.0943,29.7112,33.7248,1,1,0,26117.4511
L0245,Centro,Tarde,Guiado,25,277.7339,27.7124,27.6273,0,1,5,20288.2042
L0246,Sur,Manana,Balanceado,31,333.0655,30.9772,27.4353,0,0,2,20230.5834
L0247,Norte,Manana,Guiado,31,320.5309,28.7816,28.5697,0,0,0,20570.8984
L0248,Centro,Tarde,Guiado,31,605.3196,34.9585,23.4268,0,0,3,19028.0311
L0249,Sur,Tarde,Actual,32,400.9669,32.6771,31.3496,0,0,2,21404.8874
L0250,Norte,Tarde,Balanceado,22,617.1453,32.9285,23.6927,0,0,1,19107.8008
L0251,Centro,Tarde,Actual,30,738.4967,31.9419,34.0472,1,1,3,26214.1638
L0252,Sur,Manana,Actual,36,621.1546,38.3328,33.9633,1,1,3,26188.9897
L0253,Norte,Tarde,Actual,43,765.4309,34.1298,35.0018,1,1,0,26500.5524
L0254,Centro,Tarde,Guiado,33,410.0523,30.9352,28.5853,0,0,1,20575.5793
L0255,Sur,Tarde,Actual,27,217.6271,26.7203,30.7922,0,0,2,21237.6749
L0256,Norte,Tarde,Balanceado,34,772.3991,35.5109,29.6725,0,0,2,20901.7471
L0257,Centro,Manana,Balanceado,32,315.0722,29.7189,27.0124,0,1,1,20103.7123
L0258,Sur,Manana,Actual,34,402.2211,33.9586,28.2813,0,0,2,20484.3770
L0259,Norte,Tarde,Balanceado,34,558.5984,32.4164,29.7504,0,0,3,20925.1141
L0260,Centro,Manana,Actual,28,679.4947,27.6582,29.7864,0,0,3,20935.9194
L0261,Sur,Manana,Balanceado,18,356.1845,26.1414,24.4837,0,0,5,19345.0984
L0262,Norte,Tarde,Balanceado,27,162.4764,30.4432,22.4590,0,0,1,18737.7015
L0263,Centro,Tarde,Balanceado,24,818.7575,28.9787,27.9793,0,0,6,20393.7859
L0264,Sur,Tarde,Guiado,28,784.7096,35.3500,31.9120,0,0,4,21573.6142
L0265,Norte,Tarde,Balanceado,28,511.1673,32.7174,24.8150,0,0,0,19444.4993
L0266,Centro,Tarde,Actual,28,251.8965,26.2415,30.2159,0,0,4,21064.7694
L0267,Sur,Manana,Actual,32,307.3959,28.9894,29.4737,0,0,1,20842.1230
L0268,Norte,Manana,Guiado,30,511.6229,25.6893,26.2506,0,0,6,19875.1857
L0269,Centro,Manana,Guiado,33,798.6689,32.9272,28.1023,0,0,2,20430.6940
L0270,Sur,Manana,Guiado,43,391.0818,36.2215,30.6990,0,0,2,21209.6960
L0271,Norte,Manana,Actual,27,773.5267,33.5632,31.8415,0,1,2,21552.4506
L0272,Centro,Tarde,Balanceado,32,423.1260,33.1208,26.4015,0,0,2,19920.4548
L0273,Sur,Manana,Actual,28,121.5426,28.0912,24.9814,0,0,1,19494.4337
L0274,Norte,Manana,Guiado,33,167.5386,27.7170,23.4041,0,0,1,19021.2408
L0275,Centro,Tarde,Balanceado,27,156.2908,26.4486,21.1895,0,0,0,18356.8585
L0276,Sur,Manana,Guiado,29,106.8614,27.3530,25.7549,0,0,2,19726.4651
L0277,Norte,Tarde,Guiado,25,601.2169,27.7096,26.2592,0,0,0,19877.7579
L0278,Centro,Tarde,Balanceado,38,656.5230,31.5522,26.7567,0,0,2,20027.0178
L0279,Sur,Manana,Actual,34,461.4859,36.3931,34.0044,1,1,2,26201.3059
L0280,Norte,Manana,Balanceado,28,185.0582,29.1779,25.6143,0,0,3,19684.2825
L0281,Centro,Manana,Balanceado,24,371.2528,26.8961,23.1899,0,0,4,18956.9649
L0282,Sur,Tarde,Guiado,42,441.0100,32.3186,30.2269,0,0,4,21068.0572
L0283,Norte,Manana,Guiado,31,326.4887,29.7887,23.4763,0,0,5,19042.9044
L0284,Centro,Manana,Actual,36,714.8708,32.7671,32.5704,1,1,1,25771.1294
L0285,Sur,Manana,Actual,40,462.3404,33.4065,38.9731,1,0,2,27691.9260
L0286,Norte,Manana,Guiado,30,138.7558,27.8951,25.0600,0,0,4,19517.9963
L0287,Centro,Manana,Guiado,30,277.0247,25.9006,24.5363,0,0,6,19360.8859
L0288,Sur,Manana,Guiado,25,677.1479,31.3694,30.2490,0,1,0,21074.6870
L0289,Norte,Manana,Guiado,32,784.3358,29.7721,29.2959,0,0,1,20788.7791
L0290,Centro,Manana,Guiado,36,455.1303,32.1431,24.4005,0,0,5,19320.1425
L0291,Sur,Manana,Guiado,33,771.6372,35.1944,30.6105,0,1,1,21183.1532
L0292,Norte,Tarde,Guiado,31,412.8035,31.2078,28.7378,0,0,1,20621.3432
L0293,Centro,Tarde,Balanceado,22,396.0132,23.9304,23.6293,0,0,3,19088.7917
L0294,Sur,Tarde,Guiado,30,121.6312,29.2144,25.4175,0,0,2,19625.2473
L0295,Norte,Tarde,Balanceado,35,345.8358,29.1125,28.6448,0,0,1,20593.4252
L0296,Centro,Manana,Guiado,30,840.5748,31.1445,30.8414,0,0,6,21252.4149
L0297,Sur,Manana,Balanceado,23,339.4191,26.0191,23.8729,0,0,1,19161.8649
L0298,Norte,Manana,Guiado,32,105.9315,27.5111,27.1201,0,0,1,20136.0393
L0299,Centro,Tarde,Balanceado,35,505.1756,32.1604,39.0668,1,1,1,27720.0490
L0300,Sur,Tarde,Actual,35,518.4550,34.5222,37.0567,1,1,1,27116.9988
L0301,Norte,Tarde,Actual,28,312.6309,29.6768,28.2690,0,0,2,20480.7042
L0302,Centro,Tarde,Balanceado,29,260.6910,24.5403,24.9761,0,0,1,19492.8190
L0303,Sur,Manana,Guiado,30,832.1649,32.2401,28.0586,0,0,0,20417.5942
L0304,Norte,Manana,Guiado,26,137.0738,27.1033,22.8452,0,0,4,18853.5570
L0305,Centro,Tarde,Balanceado,29,528.8067,31.6880,25.7542,0,0,1,19726.2601
L0306,Sur,Manana,Balanceado,30,274.8013,30.0727,27.5930,0,0,2,20277.8881
L0307,Norte,Tarde,Actual,25,691.6159,31.5178,31.4103,0,1,3,21423.0767
L0308,Centro,Manana,Balanceado,32,642.1311,28.1739,21.7297,0,0,3,18518.9096
L0309,Sur,Manana,Guiado,28,282.6791,28.6408,26.4404,0,0,3,19932.1240
L0310,Norte,Tarde,Guiado,39,135.1719,30.3420,28.0256,0,0,2,20407.6776
L0311,Centro,Manana,Actual,37,116.0848,30.1169,23.6656,0,0,1,19099.6686
L0312,Sur,Tarde,Guiado,31,188.1775,32.0739,27.8930,0,0,0,20367.9048
L0313,Norte,Manana,Guiado,34,380.2691,27.0202,25.6318,0,0,4,19689.5306
L0314,Centro,Tarde,Balanceado,24,333.6386,27.5508,24.0775,0,0,1,19223.2484
L0315,Sur,Manana,Actual,33,644.8722,35.8979,34.4966,1,1,3,26348.9677
L0316,Norte,Manana,Guiado,37,838.9547,31.1596,33.7832,1,1,1,26134.9587
L0317,Centro,Tarde,Actual,26,476.1729,28.9966,28.5466,0,0,3,20563.9844
L0318,Sur,Tarde,Guiado,30,405.2503,32.7818,28.1204,0,0,2,20436.1230
L0319,Norte,Tarde,Actual,37,293.9609,28.0478,29.0871,0,1,4,20726.1296
L0320,Centro,Manana,Balanceado,35,430.6214,28.0864,24.8758,0,0,3,19462.7306
L0321,Sur,Manana,Actual,33,353.7610,26.7884,28.0640,0,0,0,20419.1866
L0322,Norte,Manana,Balanceado,36,479.1974,32.6255,28.7201,0,0,2,20616.0433
L0323,Centro,Tarde,Balanceado,36,209.5839,31.0510,28.0508,0,0,2,20415.2476
L0324,Sur,Manana,Actual,36,490.9088,33.3364,29.6027,0,0,3,20880.8229
L0325,Norte,Tarde,Guiado,31,558.2651,31.2706,28.2513,0,0,1,20475.4020
L0326,Centro,Manana,Guiado,45,344.1934,32.0632,28.9857,0,0,4,20695.7170
L0327,Sur,Tarde,Actual,32,830.4722,34.0018,35.9262,1,1,0,26777.8479
L0328,Norte,Tarde,Guiado,32,259.5862,26.8972,26.7297,0,0,2,20018.9239
L0329,Centro,Tarde,Actual,33,618.3588,34.3758,35.0735,1,1,1,26522.0471
L0330,Sur,Manana,Balanceado,39,582.8835,35.3227,27.5558,0,0,1,20266.7324
L0331,Norte,Manana,Balanceado,28,401.5678,26.1758,25.4423,0,0,5,19632.7013
L0332,Centro,Manana,Guiado,31,736.8550,32.0974,30.4151,0,0,3,21124.5399
L0333,Sur,Manana,Balanceado,26,343.7330,28.3997,23.5917,0,0,3,19077.5005
L0334,Norte,Tarde,Actual,32,448.4080,32.2765,29.5988,0,0,6,20879.6365
L0335,Centro,Manana,Balanceado,25,280.2397,28.5983,22.8056,0,0,1,18841.6747
L0336,Sur,Tarde,Guiado,27,548.0239,31.9696,26.3931,0,0,2,19917.9387
L0337,Norte,Tarde,Actual,16,175.9788,23.7732,22.1672,0,0,0,18650.1478
L0338,Centro,Manana,Actual,39,400.8814,31.6610,30.1379,0,0,2,21041.3831
L0339,Sur,Tarde,Actual,25,766.9870,34.0897,33.7307,1,1,3,26119.2002
L0340,Norte,Tarde,Guiado,33,320.0668,31.6194,31.6392,0,0,1,21491.7616
L0341,Centro,Tarde,Actual,27,608.2902,28.7712,32.7562,1,1,2,25826.8564
L0342,Sur,Manana,Actual,24,544.7345,27.6589,29.6346,0,0,4,20890.3745
L0343,Norte,Manana,Balanceado,33,570.9009,30.7335,24.1237,0,0,3,19237.0994
L0344,Centro,Manana,Guiado,34,433.5459,30.6861,27.9841,0,0,5,20395.2193
L0345,Sur,Tarde,Actual,28,465.5266,28.5672,31.8437,0,0,5,21553.0995
L0346,Norte,Manana,Actual,35,371.4018,32.6774,31.3278,0,0,3,21398.3419
L0347,Centro,Manana,Guiado,25,420.8769,26.9347,26.9511,0,0,1,20085.3397
L0348,Sur,Manana,Actual,27,805.9959,30.3779,33.3238,1,0,3,25997.1272
L0349,Norte,Manana,Balanceado,33,390.8699,30.3507,19.9590,0,0,1,17987.6976
L0350,Centro,Manana,Balanceado,32,632.6448,29.9889,29.7950,0,0,2,20938.5133
L0351,Sur,Manana,Guiado,32,192.6178,28.8380,25.8623,0,0,4,19758.6946
L0352,Norte,Manana,Guiado,41,436.9185,31.0505,30.5433,0,1,2,21162.9870
L0353,Centro,Tarde,Balanceado,28,661.1065,32.5249,25.6457,0,0,2,19693.7091
L0354,Sur,Manana,Balanceado,26,502.8221,27.9898,28.3753,0,0,1,20512.5966
L0355,Norte,Manana,Actual,33,637.7597,28.9615,29.1323,0,0,4,20739.6868
L0356,Centro,Manana,Actual,34,292.5857,27.8135,32.9150,1,1,4,25874.4923
L0357,Sur,Tarde,Guiado,29,395.8959,28.2416,29.8781,0,0,2,20963.4421
L0358,Norte,Tarde,Guiado,28,433.3575,26.6152,28.2932,0,0,4,20487.9495
L0359,Centro,Tarde,Balanceado,28,175.3896,26.1665,24.7092,0,0,2,19412.7669
L0360,Sur,Tarde,Guiado,23,281.4196,28.8368,28.4923,0,0,1,20547.6755
