ventana_id,terminal,camiones_cola,muelles_activos,peso_t,revision_documental,operarios,prioridad,cola_proxy,codigo_aleatorio,espera_min,costo_espera_real_clp
V0001,Sur,9,4,3.2676,0,5,0,9.3719,1842,17.3903,31249.1907
V0002,Norte,8,3,17.9192,0,6,0,7.8394,1995,20.6910,37287.8732
V0003,Norte,7,6,8.7618,1,11,0,6.3249,1378,10.1653,18275.0179
V0004,Sur,10,4,22.5026,0,10,0,10.3032,1222,24.6718,44374.6298
V0005,Sur,6,6,11.9069,0,10,0,6.0606,1890,10.5735,18943.1683
V0006,Centro,10,2,14.5960,0,13,0,9.7945,2015,35.5921,64183.1914
V0007,Norte,5,2,5.9635,1,13,0,4.7617,1495,22.7367,40901.0918
V0008,Centro,7,2,5.4722,0,5,0,6.8314,1224,28.1885,50772.1240
V0009,Centro,5,4,13.6329,1,14,0,4.7438,1354,17.0733,30557.2878
V0010,Centro,4,5,17.9741,1,7,0,4.6293,2167,14.8692,26764.8765
V0011,Centro,4,3,11.1853,0,7,0,3.9941,1557,7.3315,13259.2239
V0012,Centro,3,6,7.5049,0,7,1,3.1050,2031,4.4609,7966.7250
V0013,Sur,4,6,2.9717,1,4,0,4.0080,1396,9.9264,17775.1435
V0014,Norte,7,3,18.3760,0,4,0,6.4567,1081,18.9023,33739.8525
V0015,Norte,5,4,18.4708,0,9,0,4.8296,1791,13.8664,25004.2065
V0016,Centro,7,5,8.1897,0,4,0,6.5998,1400,10.9180,19510.8509
V0017,Centro,3,5,16.5761,0,4,0,3.3154,1083,3.4424,6227.3239
V0018,Norte,6,6,16.0063,1,6,0,6.1092,1163,11.1812,20136.1635
V0019,Sur,6,5,9.4815,0,7,1,5.9550,1806,8.7906,15637.5368
V0020,Centro,3,6,15.6410,1,9,0,3.1958,1099,11.4601,20587.8865
V0021,Sur,7,5,5.5661,0,8,0,7.4087,1723,8.4188,15172.5766
V0022,Sur,7,2,5.8632,0,8,0,7.2035,1649,20.2044,36349.1968
V0023,Centro,7,5,9.2950,0,8,0,7.1695,1171,12.9529,23239.0184
V0024,Centro,6,5,15.9265,0,14,0,5.5203,1764,9.6800,17487.0577
V0025,Centro,7,2,4.7846,1,10,0,6.7641,1746,24.1200,43328.7009
V0026,Centro,3,4,22.4466,0,7,0,3.4719,1854,8.8222,15949.8039
V0027,Sur,2,5,6.1820,0,6,0,2.2242,1135,6.1645,10990.6977
V0028,Norte,8,3,11.6155,1,4,0,7.1032,2065,25.3492,45523.0972
V0029,Centro,6,5,10.5916,0,7,0,6.1661,1346,8.6327,15579.3410
V0030,Sur,3,2,9.2835,0,11,0,2.3207,2058,5.0907,9205.7318
V0031,Centro,7,5,4.1606,0,12,0,6.5903,1773,10.4758,18924.5321
V0032,Sur,6,4,4.7588,0,4,0,5.1833,1309,11.0324,19804.3681
V0033,Sur,3,6,23.3735,0,8,0,2.9432,1727,9.9632,18039.2249
V0034,Sur,9,3,9.7581,1,9,0,8.8033,1777,25.8056,46350.4680
V0035,Centro,3,6,7.7196,0,8,0,3.0188,2104,1.7291,2858.5971
V0036,Norte,6,6,19.5120,1,9,0,5.7841,1638,11.6740,20925.3792
V0037,Centro,5,4,23.3304,0,14,0,5.3466,2076,12.4281,22319.3515
V0038,Norte,8,6,7.1936,0,4,0,7.9824,1907,13.2179,23917.6468
V0039,Centro,7,2,13.5526,0,9,0,7.0554,2145,24.5998,44464.8685
V0040,Sur,7,3,16.4974,0,8,0,7.0709,1323,20.3549,36559.9727
V0041,Centro,4,3,21.6194,0,5,0,4.4724,1085,12.8337,23239.3177
V0042,Centro,6,3,10.9300,0,10,0,5.8371,1724,13.5380,24335.0589
V0043,Centro,8,5,17.7993,0,9,0,8.3483,1911,12.4643,22452.6835
V0044,Norte,7,4,4.5420,0,5,0,7.3044,1873,15.4401,27862.0725
V0045,Centro,5,6,21.7727,0,8,0,5.0863,1442,6.2140,11298.6931
V0046,Sur,3,4,2.9976,1,13,0,2.9323,2101,8.9582,16136.6394
V0047,Norte,9,6,19.8592,0,8,0,9.2039,1971,14.6819,26345.2921
V0048,Sur,5,5,14.6505,1,4,0,4.9862,1087,8.0297,14480.5216
V0049,Centro,4,4,5.1853,0,8,0,3.5224,1312,3.4453,6048.3939
V0050,Sur,5,6,2.0314,0,4,0,5.2421,2119,5.7003,10163.4463
V0051,Centro,3,3,11.0989,0,6,1,3.0894,2055,7.4460,13336.0680
V0052,Centro,11,6,9.6736,0,13,0,10.9633,2087,18.1913,32837.4985
V0053,Centro,4,2,4.8458,1,12,0,4.0291,1021,13.7882,24906.6523
V0054,Centro,9,3,9.4849,0,11,0,8.9368,1887,22.6880,40798.0900
V0055,Sur,5,5,17.4165,0,10,0,4.8472,1342,7.1104,12662.0878
V0056,Norte,9,5,10.2921,0,14,0,9.0595,1336,15.1769,27317.7437
V0057,Norte,6,6,7.0974,0,12,0,5.9582,1053,3.7339,6634.5994
V0058,Sur,6,3,21.4222,1,14,0,5.6873,1296,22.1832,39843.6126
V0059,Centro,4,3,23.9085,0,12,0,3.7460,1229,11.7499,21322.7140
V0060,Centro,3,2,21.0660,0,8,1,2.8549,1303,9.4684,17048.1283
V0061,Norte,4,6,11.9187,0,13,0,3.9760,1550,9.1196,16425.3348
V0062,Norte,6,6,22.9782,0,8,0,5.7005,1202,6.3387,11216.2451
V0063,Sur,6,6,14.7450,0,13,0,5.9814,2028,5.1570,9216.3005
V0064,Norte,5,4,12.8654,0,4,0,5.3012,1124,10.4412,18720.5004
V0065,Centro,8,3,22.1500,0,13,1,7.8964,1790,22.0903,39617.5142
V0066,Sur,4,3,7.8529,0,13,0,4.0912,1510,10.9945,19722.7499
V0067,Norte,8,4,9.0842,0,14,0,8.4315,2162,12.8251,23165.7162
V0068,Norte,7,4,23.8540,1,5,0,7.2271,1688,23.9064,43028.1720
V0069,Sur,4,6,14.9284,1,8,0,3.8241,1130,13.1499,23503.2065
V0070,Sur,4,5,15.4102,1,13,0,4.4682,1010,10.3800,18868.0623
V0071,Sur,2,2,12.5420,0,9,0,2.3131,1335,6.9232,12443.9767
V0072,Norte,5,3,19.5861,0,5,0,4.8929,1439,14.6437,26440.6579
V0073,Norte,4,6,19.0316,0,4,0,3.6528,1182,7.6055,13592.8044
V0074,Centro,2,4,18.1536,0,4,0,1.4643,1518,8.6296,15580.8075
V0075,Centro,5,6,22.7639,0,4,1,5.3421,1976,10.4617,18740.5073
V0076,Norte,6,5,12.0726,0,7,0,6.1226,1033,7.8267,14067.8011
V0077,Sur,4,2,4.4838,0,11,0,4.3021,1738,9.5565,17316.3264
V0078,Centro,3,3,2.2230,1,13,1,3.4303,1515,13.1280,23730.7341
V0079,Centro,10,3,22.3597,0,11,0,10.1518,1767,26.9946,48503.2627
V0080,Sur,5,3,4.9579,0,12,0,5.0852,1927,12.7306,22933.1823
V0081,Centro,8,4,3.2800,1,12,0,8.1552,1257,18.6616,33636.9221
V0082,Centro,3,6,23.3509,0,12,0,3.0594,2142,8.1721,14869.8792
V0083,Norte,6,5,10.9596,0,7,0,5.9624,1826,7.8697,14315.4993
V0084,Norte,2,4,16.8635,0,12,0,1.7629,2096,8.6310,15577.0734
V0085,Sur,6,5,21.8551,0,4,0,6.0621,1471,9.9177,17949.3348
V0086,Norte,10,5,8.9805,0,5,0,9.8621,1645,18.4427,33106.4636
V0087,Sur,4,5,6.0065,1,6,1,4.6038,1199,8.7263,15607.9861
V0088,Sur,8,3,3.4479,1,13,0,7.7629,1441,23.5962,42449.7512
V0089,Sur,6,2,14.3685,0,13,0,5.8698,1565,20.9619,37777.2507
V0090,Norte,5,4,12.4319,0,10,0,5.1394,1321,4.6417,8407.6969
V0091,Centro,8,5,23.9184,0,5,0,7.8392,2022,14.6896,26399.3490
V0092,Norte,7,6,2.8401,0,6,0,6.5404,1694,5.4879,9939.6515
V0093,Norte,4,6,3.0252,0,4,0,3.5844,1212,3.0574,5500.4009
V0094,Centro,7,4,17.3263,0,14,1,7.2562,1993,18.8115,33950.5838
V0095,Norte,6,2,18.1793,0,8,0,6.4314,1489,17.8362,32166.4236
V0096,Sur,6,3,4.6034,0,14,0,5.7991,1917,13.3875,24118.4408
V0097,Sur,8,3,7.7053,0,9,0,7.7759,1324,22.0842,39763.3091
V0098,Centro,7,3,3.2855,0,10,0,7.5071,1183,12.5361,22599.2412
V0099,Centro,8,2,23.2059,0,7,1,8.3312,1357,28.9329,52018.7507
V0100,Norte,10,6,7.8125,0,4,0,9.6910,1295,20.5393,36942.5573
V0101,Sur,1,5,13.0296,1,8,0,1.1304,2039,8.3589,15067.7283
V0102,Centro,8,5,11.1263,0,11,0,8.2859,1564,14.9395,26967.5139
V0103,Centro,5,3,14.1016,0,8,0,5.0056,1216,15.3023,27517.8550
V0104,Centro,6,2,10.2347,0,6,0,6.1541,1816,17.5433,31583.1690
V0105,Norte,5,3,2.8970,0,8,0,4.6359,2112,10.2108,18367.1303
V0106,Centro,5,5,8.1114,0,5,0,4.5425,1666,7.7346,13980.7963
V0107,Centro,1,3,16.8367,1,8,0,0.8493,1192,11.0319,19787.3799
V0108,Centro,5,4,21.8111,1,4,1,5.1815,1775,14.9727,27001.3854
V0109,Sur,3,6,12.8945,0,14,0,2.6944,1474,7.7071,13775.1180
V0110,Sur,6,3,6.1897,1,13,0,5.7829,2189,16.2827,29096.6862
V0111,Sur,9,6,23.0446,0,7,0,9.4554,1662,22.7963,41074.2585
V0112,Norte,9,5,23.5259,1,9,0,8.9998,2134,24.8340,44607.4121
V0113,Sur,6,3,10.7736,1,14,0,5.7309,1328,22.5408,40409.1393
V0114,Centro,3,4,16.1851,1,4,0,3.1996,1522,11.3751,20531.4818
V0115,Sur,7,6,11.5178,0,13,0,6.8630,1499,10.4799,18881.4882
V0116,Norte,4,2,13.2295,0,14,0,3.6516,1225,10.5293,18920.1673
V0117,Sur,6,3,13.0074,1,4,0,6.0677,1500,20.5765,37221.1483
V0118,Norte,5,4,6.3875,1,10,0,5.0986,1410,13.1188,23664.3526
V0119,Sur,7,3,5.5653,0,13,0,6.8356,1395,12.5882,22703.9667
V0120,Centro,7,5,18.2070,0,7,0,6.3872,1413,11.8079,21255.2096
V0121,Centro,4,4,19.6847,0,10,0,4.7170,1375,9.4294,16981.9007
V0122,Centro,8,5,8.1206,1,6,0,7.9573,1153,20.6621,37095.8695
V0123,Centro,9,3,23.9851,0,14,1,9.1299,2123,24.4700,44173.7272
V0124,Sur,6,6,15.7506,0,11,0,5.6910,1980,7.9657,14365.6696
V0125,Norte,6,2,7.9772,1,13,0,5.9576,1204,22.7733,40806.7176
V0126,Sur,8,6,6.2504,0,12,1,8.1195,2174,10.2233,18425.4328
V0127,Sur,6,6,4.6393,1,5,1,5.7514,1456,12.8554,23023.4905
V0128,Sur,2,4,6.1868,0,12,0,2.1936,1154,3.3760,5921.7745
V0129,Norte,6,4,7.1735,1,13,0,6.0469,1799,17.5609,31582.2699
V0130,Sur,5,3,12.6286,1,5,1,4.9699,1169,16.7610,30240.3277
V0131,Sur,4,3,21.8698,0,8,0,4.1845,1612,9.0073,16227.9379
V0132,Sur,6,2,23.4059,0,14,0,6.0000,1735,18.8278,33962.7910
V0133,Centro,7,4,19.2243,0,5,1,7.1512,1407,18.6623,33524.2603
V0134,Sur,6,4,13.7264,1,8,0,5.5761,2094,21.4470,38531.1451
V0135,Sur,3,3,11.5988,0,10,0,3.1169,1094,8.0467,14311.6901
V0136,Sur,8,4,15.1917,1,12,0,8.0528,1855,21.4173,38625.6100
V0137,Sur,8,6,10.0545,0,13,0,8.3576,1636,9.6855,17268.6911
V0138,Sur,5,4,11.1409,0,11,0,5.4311,1698,9.4653,17051.1699
V0139,Sur,7,2,8.0295,0,5,0,7.0331,1198,26.3656,47472.1096
V0140,Sur,5,5,18.2467,0,14,0,4.5891,2044,9.6051,17095.7250
V0141,Norte,1,4,22.6934,0,8,0,1.0217,1839,4.9484,8826.5256
V0142,Sur,6,5,13.1345,0,11,1,5.8665,1805,7.4222,13387.9572
V0143,Centro,7,2,8.0275,0,6,0,7.2615,1467,23.7480,42838.2695
V0144,Norte,8,5,23.8212,0,13,0,7.3899,1960,19.0090,34158.6831
V0145,Norte,4,6,9.9872,1,10,0,3.9689,1596,10.2317,18414.6652
V0146,Sur,6,3,13.6310,0,4,1,5.5173,1743,15.3704,27563.5233
V0147,Sur,5,5,4.8871,0,9,1,5.3471,2132,1.5973,2704.5563
V0148,Norte,7,4,18.7906,1,6,0,7.1392,1784,22.4635,40461.2971
V0149,Norte,6,4,15.0038,0,14,0,5.2109,1798,14.3809,25668.2613
V0150,Sur,4,6,16.8932,1,10,0,3.7177,1652,10.1758,18391.2574
V0151,Centro,6,4,16.5946,0,7,1,5.9782,2137,9.4874,17142.8336
V0152,Centro,11,5,3.1158,0,8,0,11.2656,2177,16.8327,30200.7970
V0153,Sur,10,6,16.4043,0,10,0,9.8938,1808,13.4799,24384.0987
V0154,Sur,2,5,15.8135,0,10,0,2.1576,1714,7.3467,13032.4703
V0155,Centro,6,6,7.9990,0,5,0,5.9596,1020,6.3227,11366.6890
V0156,Sur,12,5,9.6400,0,9,1,12.0789,1226,24.0743,43233.8839
V0157,Centro,3,5,11.7499,0,13,0,2.5782,1074,5.2494,9610.2746
V0158,Centro,10,5,2.5972,0,14,0,10.2837,1986,19.1125,34572.2174
V0159,Norte,6,2,18.0477,0,10,0,6.3617,1705,15.6946,28099.4971
V0160,Norte,4,5,11.0358,0,10,0,4.1725,1108,4.5942,8264.1657
V0161,Norte,4,2,23.4729,0,9,0,4.1509,1507,14.7663,26485.7251
V0162,Norte,9,4,13.3963,0,5,0,8.9536,1667,20.1668,36315.5611
V0163,Norte,4,4,22.0160,0,10,1,3.7845,1804,9.8546,17597.6239
V0164,Sur,6,2,7.1329,0,6,0,6.0457,1823,18.6958,33712.1566
V0165,Centro,2,3,23.1532,1,6,0,2.3435,1998,13.0422,23400.0791
V0166,Norte,9,2,8.3602,0,9,0,9.2417,1952,25.3710,45559.2799
V0167,Norte,6,3,4.7615,0,6,1,5.9850,1504,12.5536,22419.9668
V0168,Centro,7,4,3.8919,0,10,0,7.0304,1701,10.1768,18276.0635
V0169,Centro,5,2,17.4833,1,14,0,5.0295,1766,24.5749,44193.1889
V0170,Sur,4,2,22.3469,1,9,0,3.8402,1583,19.5655,35323.7743
V0171,Sur,6,5,15.7119,0,7,1,6.3873,2180,7.4633,13398.8893
V0172,Centro,5,6,19.6322,0,8,0,5.1063,1218,8.9263,16156.3624
V0173,Norte,2,6,6.4560,0,12,1,1.8786,2075,4.2657,7764.9500
V0174,Centro,6,3,7.2455,0,7,0,6.5249,1519,14.8144,26610.2971
V0175,Sur,8,6,10.7664,0,10,0,7.5467,1114,10.6437,19270.9207
V0176,Centro,7,3,10.9055,0,13,0,7.1734,1580,17.9144,32124.2294
V0177,Sur,4,2,12.3618,0,7,0,4.3223,1695,11.6592,20749.7783
V0178,Sur,4,4,18.0579,0,10,0,3.7448,1644,6.9468,12514.9554
V0179,Norte,5,3,2.7448,1,10,1,4.9493,1818,14.7757,26564.6321
V0180,Norte,9,4,15.0762,1,5,0,8.8907,1220,27.7620,49971.3871
V0181,Centro,5,5,4.2012,0,13,0,5.0158,1597,8.0704,14651.2914
V0182,Norte,6,4,10.0489,0,12,0,6.1293,1894,12.2726,22195.9745
V0183,Norte,5,4,5.4956,0,7,0,4.9765,1848,6.3223,11275.7878
V0184,Sur,5,4,23.2357,0,8,0,5.1222,1088,9.6692,17538.4911
V0185,Sur,6,3,12.3576,1,4,1,5.8106,1348,22.5871,40675.7321
V0186,Norte,2,2,22.0935,1,13,0,2.2296,1801,16.4182,29542.9630
V0187,Centro,6,5,8.3157,0,12,0,5.7868,2030,8.8616,16013.2893
V0188,Centro,4,5,13.2283,0,8,0,4.2797,2156,9.4509,17083.2729
V0189,Centro,10,2,4.9828,0,7,0,9.8886,1696,32.7153,58940.9754
V0190,Norte,6,5,16.5677,0,10,0,6.0961,1418,6.3922,11569.7610
V0191,Centro,7,4,10.8745,0,11,0,6.8671,1918,17.3374,31278.1469
V0192,Sur,2,6,3.7042,0,4,0,2.0388,2111,7.4272,13241.3450
V0193,Norte,3,2,15.5446,0,7,0,3.3873,1359,8.9778,16020.8234
V0194,Centro,9,3,4.4209,0,9,0,8.8091,1953,15.6852,28336.1951
V0195,Sur,11,6,20.8632,1,13,0,10.6911,1403,23.3674,42046.0454
V0196,Norte,9,4,4.0908,0,5,0,8.8362,1549,19.7531,35614.2485
V0197,Sur,8,4,7.3671,0,8,0,8.1354,1320,13.9692,25155.4159
V0198,Centro,5,2,18.2116,1,5,0,4.8126,2088,18.5577,33406.7063
V0199,Norte,5,2,21.5060,0,14,1,5.1014,1586,18.8759,33941.4769
V0200,Norte,4,6,13.3168,0,4,0,4.0592,1833,9.6110,17153.3066
V0201,Norte,8,3,6.5706,0,12,0,7.7118,2141,17.2161,30966.7761
V0202,Sur,5,6,20.1027,0,11,1,5.4343,1084,4.8434,8655.7782
V0203,Sur,5,5,12.8963,1,12,0,4.6316,2092,9.3910,17008.8591
V0204,Norte,1,5,10.2651,0,13,1,1.2917,1639,7.8943,14396.3481
V0205,Centro,5,2,8.7944,0,10,0,5.1182,1566,12.0204,21547.6159
V0206,Norte,5,6,14.1604,0,11,0,5.1402,1205,7.4035,13363.3038
V0207,Sur,6,3,20.8582,0,13,0,6.3198,1528,14.9191,26963.6159
V0208,Sur,5,4,14.0174,0,12,0,4.5641,1305,6.0462,10958.9345
V0209,Centro,9,6,20.8141,1,7,0,8.9451,1763,18.7552,33685.9966
V0210,Norte,4,5,5.5785,0,5,0,4.6606,1080,6.4121,11485.9471
V0211,Sur,5,4,23.6957,0,6,1,5.0749,2085,10.9817,19907.7099
V0212,Centro,6,4,14.3461,0,7,0,6.1894,2054,9.3978,16998.9619
V0213,Sur,6,5,14.8722,0,4,0,6.2063,1936,12.3664,22213.7290
V0214,Sur,5,6,19.8293,0,7,0,4.6206,1776,4.1030,7256.7263
V0215,Norte,9,6,22.2471,0,13,0,8.7448,1160,15.7314,28306.7049
V0216,Centro,9,5,8.9671,1,13,0,9.3980,1745,23.9982,43252.8203
V0217,Norte,3,2,15.5673,0,14,0,3.0362,1005,7.8409,14051.1009
V0218,Centro,4,5,13.5452,0,4,1,3.5780,1040,10.3446,18825.2167
V0219,Norte,7,2,6.1627,1,14,0,7.1837,1939,30.9222,55720.4693
V0220,Sur,6,6,23.9366,0,6,0,6.0919,1959,8.6645,15594.9710
V0221,Sur,8,5,16.0902,0,8,0,8.1522,2061,16.7949,30032.9323
V0222,Norte,7,5,15.3266,0,9,0,7.2497,1908,12.4442,22431.3953
V0223,Norte,2,6,5.7855,0,11,1,1.8979,1277,5.3961,9568.7212
V0224,Norte,9,5,15.6580,1,11,0,8.6345,1494,24.4126,43783.2127
V0225,Norte,7,5,4.4972,0,12,0,7.2159,1704,5.9729,10899.4228
V0226,Sur,4,3,18.8599,1,9,0,4.1510,1208,15.1871,27260.9463
V0227,Centro,7,3,10.1551,0,13,0,7.4732,1541,18.2441,32912.9827
V0228,Centro,6,2,13.8355,1,7,0,6.4028,1742,20.7484,37360.5852
V0229,Sur,4,2,15.0884,0,10,0,3.9243,1373,9.5643,17176.5276
V0230,Sur,5,2,10.1345,0,4,0,5.3507,1447,13.4014,24166.6194
V0231,Sur,3,2,15.5663,0,5,0,3.0982,2152,8.7394,15633.6641
V0232,Centro,4,5,8.3823,0,6,0,3.7218,1113,3.0651,5503.2421
V0233,Sur,4,3,22.1095,0,5,0,3.7044,1451,9.6910,17497.8245
V0234,Sur,10,5,10.6272,0,6,0,10.3369,1863,19.8898,35875.2655
V0235,Sur,0,3,12.4996,0,5,0,0.0375,1861,6.9290,12616.9183
V0236,Centro,7,3,14.2789,0,10,0,6.6938,1624,17.9799,32302.2476
V0237,Centro,5,6,17.8837,0,5,0,5.4864,2108,7.8721,14200.7697
V0238,Norte,6,6,20.3092,1,13,1,6.3220,1419,10.3919,18756.9055
V0239,Centro,6,5,17.4749,1,5,0,5.7974,2048,14.7911,26587.6769
V0240,Centro,6,4,12.1133,0,6,0,6.2641,1814,10.9133,19453.0990
V0241,Centro,7,4,22.8005,0,9,1,7.3516,1595,12.6493,22742.5491
V0242,Centro,3,4,21.4873,1,5,0,2.9147,1615,14.7245,26471.0374
V0243,Norte,8,4,8.1220,0,12,0,7.6403,1950,13.5956,24505.3475
V0244,Centro,8,4,5.0545,0,13,0,8.2484,1134,12.6767,22559.4051
V0245,Norte,5,5,12.2085,0,9,0,5.1233,2157,6.3311,11404.8432
V0246,Sur,6,3,20.2103,0,10,1,6.1752,1015,12.8367,23167.5851
V0247,Centro,7,3,2.3065,0,4,0,7.0063,1013,13.4997,24401.6036
V0248,Sur,7,2,3.9655,0,10,0,7.1560,1365,22.2890,40036.9893
V0249,Norte,8,3,19.2500,0,11,0,8.0786,1747,20.2296,36274.2473
V0250,Norte,6,3,7.6721,0,10,0,5.7277,1142,12.1062,21770.4363
V0251,Centro,10,5,3.8119,1,12,0,10.4714,2001,18.4942,33192.8989
V0252,Centro,7,6,14.3943,0,8,0,7.1245,1937,9.5532,17163.2745
V0253,Sur,3,4,6.9246,0,12,0,2.8888,1340,4.9882,8957.3375
V0254,Norte,2,3,12.1887,0,4,0,1.9757,1137,7.9704,14474.6687
V0255,Sur,8,3,12.4768,0,10,0,7.9906,1637,16.9806,30552.9874
V0256,Centro,6,5,23.5612,0,8,0,6.2194,1482,11.4436,20613.1322
V0257,Centro,6,3,10.9602,0,13,0,6.2044,1468,15.5186,27930.2779
V0258,Norte,7,3,8.6185,1,13,1,7.2143,1512,23.7671,42768.1855
V0259,Norte,5,4,8.2125,1,4,0,4.7367,1168,14.3723,25801.6948
V0260,Sur,8,6,12.8627,0,13,0,7.9419,1143,12.0357,21578.7886
V0261,Centro,4,3,8.6435,0,13,0,4.3332,1448,8.4322,15156.3356
V0262,Centro,5,2,8.0663,0,4,0,5.6291,1273,14.1251,25283.8781
V0263,Sur,7,5,6.6103,0,9,0,7.0401,2172,11.1220,19873.0205
V0264,Centro,9,2,11.0988,0,6,0,8.7138,1377,32.8613,59045.0356
V0265,Norte,5,3,23.9426,0,5,1,4.9442,2164,13.5799,24543.4907
V0266,Centro,3,3,4.7128,0,8,1,3.2072,2007,6.0198,10918.7550
V0267,Norte,7,4,10.6986,0,13,1,6.7693,1089,14.3089,25817.6910
V0268,Centro,2,6,23.3068,0,11,0,2.0264,1475,4.6010,8390.7994
V0269,Norte,8,3,7.6667,1,9,0,8.1487,1835,21.8668,39200.8932
V0270,Centro,9,5,10.6853,1,13,0,9.2434,2077,22.9891,41538.7714
V0271,Centro,3,2,16.5456,0,6,0,2.8384,1386,11.2171,20268.7244
V0272,Norte,6,2,16.9932,0,14,0,6.2689,1650,22.3645,40217.8810
V0273,Sur,4,3,18.6863,1,10,0,4.1391,1591,10.0017,17874.6135
V0274,Centro,4,3,16.1562,1,4,0,3.8071,1150,14.0210,25181.7264
V0275,Centro,9,5,21.3158,0,7,0,9.5116,1470,21.9869,39510.5017
V0276,Centro,3,2,9.0422,0,11,0,3.2783,1485,8.1643,14751.4126
V0277,Sur,2,5,15.3211,0,7,0,2.0086,1621,7.1357,12963.9910
V0278,Norte,4,3,2.0382,0,10,0,3.5066,1578,6.6974,11894.8515
V0279,Sur,8,5,8.5661,1,14,0,7.8305,1480,21.8952,39428.3979
V0280,Norte,7,2,2.8887,0,5,0,7.2283,1457,23.9097,43034.8761
V0281,Sur,8,5,4.4662,0,11,0,8.1793,1464,14.6142,26286.3469
V0282,Centro,7,6,8.4107,0,8,0,6.9836,1264,8.1933,14742.9052
V0283,Norte,8,4,13.9843,0,11,0,8.1761,1546,14.5323,26178.3301
V0284,Centro,6,3,22.0052,0,9,0,6.2519,1287,15.6397,28168.9341
V0285,Sur,3,2,5.6304,0,10,0,3.4017,1290,7.2519,13132.6541
V0286,Norte,11,4,3.1824,1,9,0,11.4346,1271,27.9098,50232.3790
V0287,Norte,6,5,6.7813,1,9,0,5.6349,1800,13.2949,23855.7954
V0288,Sur,4,5,15.8213,1,10,0,3.6778,1988,10.4603,18913.8669
V0289,Sur,8,4,9.5200,0,14,0,7.9502,2047,17.3084,31215.8964
V0290,Centro,6,5,13.4661,0,11,0,6.0951,1138,11.0182,19777.2784
V0291,Sur,9,2,5.4284,0,11,0,8.3827,1223,30.5094,54689.6745
V0292,Sur,5,3,17.6790,1,6,0,4.4099,1556,19.8822,35863.1372
V0293,Centro,2,2,23.4684,0,13,0,2.5696,1810,10.2822,18468.8498
V0294,Norte,7,6,12.7726,0,5,0,7.3234,1186,9.3576,16878.8548
V0295,Sur,7,5,15.3435,0,11,0,7.1405,1310,9.7501,17729.5758
V0296,Norte,3,6,12.3651,0,6,0,2.9675,1433,5.8095,10315.8225
V0297,Norte,9,3,19.9065,0,12,0,9.2521,1039,25.6841,46177.4618
V0298,Centro,11,6,7.9886,0,8,0,10.8431,2129,20.0911,36303.7673
V0299,Sur,3,3,18.8722,0,14,1,3.3142,2083,11.9075,21403.2853
V0300,Norte,8,2,13.0618,0,9,1,7.9846,2117,33.7673,60778.7438
V0301,Centro,7,2,16.7710,0,12,0,6.6343,1161,24.0608,43425.3794
V0302,Centro,5,2,9.3870,0,8,0,5.2510,2138,14.7026,26621.3705
V0303,Centro,8,6,9.3613,0,5,0,8.0145,1585,14.1481,25587.9403
V0304,Centro,6,2,2.1835,0,9,0,5.7817,1139,16.8549,30225.9451
V0305,Norte,11,2,5.2828,0,4,0,11.5881,2182,38.6606,69489.8110
V0306,Sur,6,5,8.2442,0,12,0,5.6109,1496,7.3795,13304.6364
V0307,Sur,4,6,7.0102,0,13,0,3.8150,1577,4.1095,7535.6861
V0308,Norte,5,6,16.3546,0,7,0,5.3351,1432,7.3589,13080.0881
V0309,Norte,6,5,2.7541,0,6,1,6.1928,2184,2.4601,4473.8661
V0310,Centro,5,4,22.6927,0,10,0,4.6980,1710,7.8850,14403.1105
V0311,Sur,4,3,23.6316,1,4,0,4.1187,1077,15.8450,28503.6116
V0312,Centro,7,2,11.4238,1,13,0,6.8563,1656,35.8833,64583.7313
V0313,Centro,9,3,7.9615,1,14,1,9.0977,2033,26.4878,47698.4457
V0314,Norte,6,4,12.7750,1,9,0,5.8723,1051,20.1401,36309.7969
V0315,Centro,6,6,20.0554,1,14,0,6.7304,1304,8.7206,15828.7208
V0316,Sur,4,6,10.5339,0,5,0,3.8572,1239,9.7590,17627.8207
V0317,Norte,10,5,7.4912,0,4,0,9.9833,1731,21.3932,38580.3304
V0318,Norte,9,5,8.0881,0,12,0,9.0907,1599,19.9661,35730.7577
V0319,Centro,11,3,6.5014,0,5,0,10.8966,1772,30.4029,54730.5282
V0320,Sur,5,5,21.4625,0,11,1,5.0303,1654,6.5623,11741.6235
V0321,Sur,3,2,22.7524,0,7,0,2.6569,2041,8.6641,15492.8828
V0322,Sur,8,4,23.0923,0,11,0,7.5443,1399,20.1306,36173.0795
V0323,Centro,10,2,15.3191,0,12,0,9.9306,1829,36.1931,65045.9369
V0324,Sur,9,3,11.1819,0,8,0,8.9105,1383,22.6012,40712.8829
V0325,Norte,2,6,19.4072,0,10,0,2.7295,2116,8.3745,15080.2538
V0326,Sur,3,4,12.4616,0,5,0,3.2459,1551,8.2591,14869.4736
V0327,Centro,8,3,19.0504,0,5,0,7.9601,1884,21.5496,38868.8329
V0328,Sur,9,3,7.7629,0,13,0,9.1063,1095,23.5444,42425.2117
V0329,Norte,5,4,18.2782,0,13,0,5.0457,1664,7.1433,12725.9303
V0330,Norte,6,5,16.2121,1,14,0,6.2736,2008,15.0889,27231.6521
V0331,Sur,12,6,13.2426,0,11,0,11.8427,1970,22.0104,39741.1689
V0332,Centro,7,6,6.4162,0,10,0,6.6716,1267,9.7112,17553.4673
V0333,Sur,1,4,2.9519,1,11,0,1.0473,1104,8.0471,14447.1452
V0334,Centro,5,2,15.4402,0,8,0,5.1147,2195,16.6747,29997.9136
V0335,Sur,4,2,12.0842,1,11,0,4.0742,1994,14.4928,25951.8076
V0336,Sur,2,5,18.3526,0,11,0,2.0453,1030,7.7234,14080.5394
V0337,Centro,3,2,14.5209,1,9,0,2.7794,1536,13.6310,24539.6471
V0338,Norte,9,3,21.3021,1,14,0,8.5117,1711,32.2675,58038.6325
V0339,Centro,5,3,7.4433,0,8,0,5.1214,2027,7.4144,13326.0690
V0340,Sur,5,4,8.0849,1,4,0,5.2525,2140,13.8741,25103.1776
V0341,Norte,7,4,23.6691,0,10,0,6.9157,1614,18.7882,33798.7884
V0342,Norte,3,5,20.7662,1,9,0,2.8192,2168,12.3390,22300.3345
V0343,Centro,3,3,4.3999,1,14,0,2.9691,1569,8.2698,14768.2730
V0344,Sur,3,4,23.6253,0,8,0,2.9952,1562,7.3457,13143.0788
V0345,Centro,14,3,22.4775,0,8,1,14.2439,2050,32.9150,59361.7516
V0346,Sur,8,4,21.2056,0,7,1,8.1566,1350,21.1756,37982.0645
V0347,Centro,4,3,10.1643,0,8,0,3.6478,1517,10.4536,18776.1059
V0348,Norte,6,2,18.4537,0,11,1,6.0314,2089,20.0499,36144.5197
V0349,Norte,7,3,2.8093,0,7,0,6.8447,1579,16.7181,30029.1489
V0350,Norte,7,5,19.3583,0,6,0,6.4122,1739,11.9294,21444.1497
V0351,Norte,11,6,5.1922,0,14,0,10.8710,1213,20.2321,36395.2950
V0352,Norte,4,5,22.9261,0,12,0,3.8884,1837,9.4658,17072.5823
V0353,Centro,9,5,12.4807,0,5,0,9.4632,1505,19.8005,35653.1745
V0354,Sur,9,2,5.1305,0,7,0,8.8754,1525,30.4026,54955.5067
V0355,Norte,6,6,23.0534,0,5,0,6.2187,1172,9.5096,17155.6597
V0356,Norte,8,2,20.7620,1,7,0,8.1549,1535,38.1851,68366.1701
V0357,Centro,2,5,4.8806,0,11,0,1.7970,1626,3.7870,6787.7792
V0358,Norte,4,5,10.0565,0,9,0,3.7634,1170,4.8821,8884.6064
V0359,Centro,6,4,12.2437,0,4,0,6.1877,1315,11.2780,20256.8317
V0360,Norte,4,3,5.5553,0,12,0,4.1147,1942,6.5412,11789.2742
V0361,Norte,6,2,13.4388,0,10,0,5.7786,2124,16.7039,30058.0889
V0362,Norte,3,5,4.8595,1,7,0,2.7407,1956,11.3213,20407.6010
V0363,Centro,8,4,9.7129,1,4,0,8.2455,2193,22.9901,41392.8109
V0364,Norte,5,2,17.8966,1,8,0,4.4445,1260,21.7258,39201.5931
V0365,Norte,2,5,14.1224,0,5,0,2.1641,1642,7.2481,13038.2941
V0366,Norte,4,4,10.3987,0,4,0,4.5215,1007,6.7196,12113.9060
V0367,Centro,8,4,3.5533,0,4,0,8.0141,1195,18.2992,32832.5237
V0368,Centro,7,4,11.1682,0,5,0,7.1384,1167,15.8312,28507.2134
V0369,Centro,5,2,22.7926,0,4,0,5.2209,1285,17.7967,31990.3790
V0370,Centro,4,4,12.1972,0,10,0,4.4218,1978,5.4469,9803.0199
V0371,Centro,6,6,9.5623,0,13,1,6.1889,2127,6.5481,11750.0233
V0372,Norte,5,3,9.8618,1,13,0,4.5857,1162,14.8847,26656.4801
V0373,Sur,13,6,16.5730,0,8,0,12.6879,1191,28.3235,50931.6790
V0374,Centro,7,5,19.1595,1,14,0,7.2664,1938,16.0362,28872.9548
V0375,Sur,7,3,18.2291,0,4,0,7.0709,2170,17.0921,30632.3737
V0376,Sur,10,3,13.5226,0,8,0,9.8412,1055,22.8118,40973.7846
V0377,Norte,6,5,16.0048,0,6,0,6.1170,1434,8.9187,16031.9746
V0378,Norte,7,3,15.7686,0,6,0,7.5783,2043,18.7237,33696.7158
V0379,Sur,9,6,22.5275,1,4,0,9.0485,2192,23.0667,41495.2943
V0380,Centro,6,2,5.9059,0,14,0,5.8198,1555,18.7323,33689.1308
V0381,Norte,6,6,19.7240,0,8,0,5.7673,2035,6.8062,12228.7003
V0382,Centro,7,3,17.1306,0,7,0,6.8051,1050,19.3991,34915.9373
V0383,Sur,6,2,3.9100,0,11,0,5.6138,1725,11.8307,21205.2638
V0384,Sur,11,2,3.6504,0,9,0,11.0145,2009,33.3701,60004.8663
V0385,Centro,9,5,8.4723,0,6,0,8.8788,1832,15.9388,28587.5862
V0386,Norte,7,4,4.8313,1,12,0,7.0626,2056,21.2569,38034.9924
V0387,Centro,10,6,7.6446,0,13,1,10.2016,1741,15.8421,28491.7609
V0388,Norte,8,4,6.3143,0,12,1,8.1402,2114,15.1974,27363.2936
V0389,Sur,6,4,20.6846,0,8,0,5.7832,1758,9.7200,17545.5139
V0390,Centro,7,4,11.8035,0,7,0,6.9377,1136,12.3451,22148.7715
V0391,Sur,8,3,5.0717,0,7,0,7.8741,1100,18.1921,32872.9001
V0392,Centro,3,2,15.3595,0,12,0,2.9232,1200,10.1309,18263.2989
V0393,Norte,4,6,22.0005,1,14,0,4.7732,1414,9.4311,17043.4611
V0394,Centro,1,2,2.9016,1,14,0,1.5683,2110,8.7707,15925.6209
V0395,Sur,5,4,5.1889,1,5,0,5.1488,2013,11.0190,20008.2531
V0396,Sur,5,2,19.1490,0,12,1,5.5041,1101,17.1945,31334.3554
V0397,Sur,8,4,16.3869,0,8,0,8.4284,1298,17.7621,32004.2246
V0398,Sur,5,6,13.8045,0,13,0,4.5187,1133,6.3914,11694.3803
V0399,Sur,3,3,18.6921,0,9,0,2.6746,1008,9.0636,16228.2417
V0400,Sur,8,2,19.7231,1,6,0,8.1934,1951,34.8447,62658.3304
V0401,Sur,6,4,22.4695,0,5,0,6.7200,1647,13.9280,25298.8361
V0402,Sur,4,6,16.3260,0,5,0,4.2457,1669,6.0394,10875.0970
V0403,Norte,7,4,4.9916,0,12,0,7.1330,1059,14.9049,26724.7181
V0404,Sur,13,2,15.3850,0,7,0,12.8470,1351,49.5252,88976.0399
V0405,Norte,7,2,20.7750,0,11,0,7.5103,1119,26.6777,47890.9002
V0406,Centro,7,5,19.0506,1,14,0,7.1769,1219,17.6577,31605.4616
V0407,Sur,3,5,12.0224,0,7,0,3.0064,1062,6.8850,12468.4358
V0408,Sur,7,4,13.1184,0,11,0,6.8644,1201,12.5098,22702.4670
V0409,Sur,8,6,5.9978,0,13,0,7.7306,1025,6.8379,12341.1031
V0410,Sur,5,4,17.8935,0,6,0,4.8165,1778,7.1046,12786.0507
V0411,Centro,5,4,7.4541,0,14,0,4.6942,1004,5.3636,9600.9321
V0412,Sur,6,5,9.0493,0,6,0,6.2524,1392,9.6820,17419.6996
V0413,Centro,6,6,19.5003,1,4,0,6.1205,1360,12.9837,23343.5184
V0414,Sur,8,3,4.3214,0,7,1,8.2604,1786,19.0603,34476.6878
V0415,Centro,5,4,4.7631,1,6,0,5.1862,2016,12.6150,22743.1569
V0416,Centro,5,5,23.8187,0,14,1,4.9111,2053,10.5574,18936.3062
V0417,Norte,3,5,11.9003,1,13,0,3.1034,1736,11.4050,20596.0176
V0418,Sur,12,4,15.8033,0,4,0,11.9186,1187,26.5321,47654.9322
V0419,Centro,5,3,16.8164,0,4,0,4.8743,1056,15.5489,27997.5366
V0420,Sur,10,6,4.9656,0,13,0,9.6584,1967,15.7995,28528.3254
V0421,Sur,1,5,12.2123,0,13,1,1.2688,1481,8.8862,15830.9786
V0422,Sur,6,6,2.1159,0,6,0,5.8268,1676,5.6686,10107.4347
V0423,Norte,8,4,3.7393,0,10,0,7.8970,1631,14.8947,26771.2375
V0424,Sur,5,6,19.9994,0,10,0,4.6611,1659,9.4603,17211.7652
V0425,Norte,4,3,7.0609,0,13,0,4.3852,1625,5.8598,10705.5802
V0426,Centro,9,5,9.5515,0,11,0,9.4322,1820,18.2359,32619.6160
V0427,Sur,8,4,4.1020,0,11,0,8.4778,1405,16.0993,28928.4462
V0428,Centro,3,2,7.1539,1,6,0,3.5213,2198,13.3296,23990.2486
V0429,Centro,6,5,14.8213,0,7,0,5.5504,1603,13.2064,23616.3644
V0430,Centro,4,3,20.2077,0,4,0,4.0339,1783,9.5443,17177.4154
V0431,Sur,3,4,11.0235,0,13,0,3.3992,1802,6.8018,12180.5538
V0432,Centro,7,5,22.6370,0,5,1,7.0577,1601,13.1532,23611.3552
V0433,Centro,8,4,23.4040,0,4,0,8.2429,1757,20.0474,36178.2577
V0434,Centro,8,5,6.4051,1,7,0,7.9900,1381,16.4387,29570.4260
V0435,Norte,6,4,4.7890,0,9,0,5.8953,1851,9.1407,16424.0262
V0436,Norte,7,2,6.2364,0,5,1,6.8352,2113,23.5479,42317.0116
V0437,Centro,9,4,2.8069,0,11,1,9.1812,1311,19.1906,34493.9667
V0438,Sur,4,4,11.8324,0,12,0,4.0157,1920,6.4088,11689.3502
V0439,Sur,3,3,11.7483,0,7,0,2.5271,1864,3.5646,6304.2477
V0440,Centro,8,6,4.8978,0,4,0,7.9569,1609,8.3363,15021.5982
V0441,Centro,10,5,16.4389,0,11,0,9.7497,1164,23.0461,41421.7799
V0442,Norte,6,5,6.1087,0,11,0,5.9583,1372,6.3384,11292.9771
V0443,Centro,7,2,17.8150,0,6,0,7.1311,2199,23.7792,42787.0221
V0444,Sur,2,3,23.2510,0,9,0,1.8131,1985,6.9503,12591.4338
V0445,Centro,1,5,19.8513,0,11,0,1.5732,2126,9.1048,16347.2402
V0446,Sur,5,5,19.4653,1,5,0,5.2009,1314,13.0917,23642.1249
V0447,Sur,4,4,14.8578,1,11,0,4.0703,1552,9.2583,16786.8147
V0448,Norte,8,5,2.0551,0,13,0,8.2849,1102,9.9951,17941.9358
V0449,Centro,9,3,19.4276,0,9,0,9.0123,1728,21.4163,38560.9241
V0450,Norte,1,2,11.2466,0,4,0,1.3608,1243,6.3323,11460.6694
V0451,Sur,5,6,15.6129,1,8,1,4.8974,2109,11.6780,20970.3584
V0452,Norte,3,5,18.1273,1,6,0,3.2507,1121,13.1151,23594.9278
V0453,Sur,3,4,7.9172,1,8,1,3.0048,1708,7.3753,13398.9158
V0454,Sur,13,5,14.4370,0,9,0,12.9304,1404,28.4969,51256.8779
V0455,Centro,8,6,2.7510,0,5,0,7.7922,1307,9.4649,16899.6799
V0456,Sur,7,4,13.8214,1,14,0,7.1150,1292,26.2127,47169.2250
V0457,Sur,5,6,14.0738,0,13,0,4.7943,1032,8.5520,15445.4082
V0458,Sur,3,6,16.8039,0,4,0,2.5995,2105,6.4541,11595.1418
V0459,Norte,6,4,23.9709,0,4,0,6.1930,1146,14.2017,25571.2159
V0460,Sur,11,3,9.0732,1,14,0,11.3962,1289,33.6420,60369.8842
V0461,Centro,5,3,22.9447,1,13,1,4.3818,1061,18.2997,33121.9680
V0462,Centro,6,3,23.2954,1,5,0,6.1574,2120,22.7542,40900.1686
V0463,Sur,8,3,20.3685,0,8,1,7.9650,1508,18.7117,33753.9563
V0464,Centro,8,5,22.1042,1,12,0,8.1817,1640,21.7816,39340.9682
V0465,Centro,8,4,11.5387,0,6,0,8.1124,2194,16.6067,29792.3761
V0466,Centro,2,4,6.4880,0,9,0,2.2146,1023,5.6620,10173.6497
V0467,Norte,4,6,17.5853,1,4,1,3.6484,1858,10.9773,19754.2113
V0468,Norte,3,6,7.5334,1,9,0,2.9025,1043,8.0566,14425.7936
V0469,Sur,3,4,7.3785,0,11,0,2.7258,1176,6.3038,11509.1904
V0470,Sur,5,6,10.3516,1,14,0,4.6734,1987,9.5152,17188.5551
V0471,Centro,4,6,21.5650,0,10,0,3.9502,2155,8.3904,15005.6185
V0472,Sur,6,5,16.2766,1,12,0,6.0768,1812,13.8344,24977.4177
V0473,Centro,7,3,23.9847,0,7,0,6.8781,1572,18.2525,32719.4350
V0474,Norte,2,2,13.8556,1,7,1,1.8194,1509,10.8048,19474.6951
V0475,Sur,5,4,13.8289,1,7,0,5.0948,1034,12.2223,21992.1332
V0476,Centro,6,5,16.0114,1,9,0,6.3986,2146,11.1592,19942.1474
V0477,Sur,5,5,6.7488,0,4,0,5.4958,1722,6.8782,12291.5697
V0478,Sur,6,3,22.4404,0,7,0,5.9397,1443,16.8651,30527.3518
V0479,Centro,9,2,18.7425,0,5,0,8.9727,1681,29.2060,52520.5255
V0480,Sur,5,3,13.2837,0,10,0,5.5469,1605,9.5399,17058.5436
V0481,Sur,6,3,7.4667,0,6,0,5.8322,1174,13.0064,23654.6045
V0482,Sur,4,2,11.2583,0,4,0,3.5432,1066,12.5201,22457.7852
V0483,Centro,4,5,2.2618,0,12,0,3.8310,1587,6.5366,11752.5071
V0484,Norte,8,6,7.8654,0,14,1,8.3265,2175,10.9729,19818.9194
V0485,Norte,4,6,18.9548,1,9,1,3.9662,1940,9.6070,17285.8187
V0486,Norte,4,2,17.4249,1,8,0,4.0124,1923,17.9842,32614.5646
V0487,Norte,4,4,23.2367,0,8,0,3.8244,1845,4.3055,7867.8742
V0488,Sur,6,5,16.5620,0,7,0,6.2024,1590,10.9206,19730.1948
V0489,Norte,7,3,7.6130,0,9,0,6.5169,2066,13.8720,24830.4297
V0490,Centro,6,6,14.0696,1,11,1,5.4906,1158,15.9760,28741.6328
V0491,Norte,8,5,7.5646,0,13,1,8.1548,1543,14.3994,25784.0828
V0492,Sur,1,3,9.0330,0,5,1,1.3170,2197,4.9744,9107.0989
V0493,Centro,2,3,11.9231,0,9,0,1.7330,2038,5.5479,10052.0497
V0494,Centro,9,2,4.1757,0,14,1,9.5417,1166,28.4679,51450.3343
V0495,Norte,6,4,8.0635,0,9,0,5.7604,1019,6.0780,10790.1938
V0496,Centro,5,5,19.9536,0,5,0,4.8935,1859,4.3952,7920.2502
V0497,Centro,5,4,20.2362,1,4,0,4.5487,1931,17.2972,31192.8708
V0498,Centro,9,5,17.5999,0,12,0,8.7301,1382,18.8963,34169.0919
V0499,Centro,8,6,8.3745,0,4,1,7.7804,2122,14.1563,25376.7657
V0500,Sur,6,3,14.3122,0,7,0,5.5032,1991,13.3135,23964.5360
V0501,Centro,6,5,23.3018,0,14,0,6.4019,2003,12.4083,22397.9477
V0502,Centro,8,3,10.3893,0,11,0,7.8146,1251,21.7588,39128.5766
V0503,Norte,4,5,23.5152,0,8,0,3.6456,1140,8.6829,15552.8009
V0504,Sur,3,2,23.8853,0,4,1,3.2818,1933,12.3168,22185.4275
V0505,Centro,8,5,23.1979,0,7,0,7.9365,1111,12.7269,22919.7536
V0506,Centro,6,4,19.0991,0,9,0,6.4699,1675,13.4746,24309.2155
V0507,Centro,3,5,19.7191,0,10,0,3.2723,1703,6.0418,10866.3177
V0508,Norte,9,3,5.7090,1,5,0,8.8462,1765,30.5978,55185.4941
V0509,Centro,4,3,5.6734,0,12,0,4.2331,1538,5.9732,10622.6554
V0510,Norte,5,3,18.8061,1,6,0,5.3357,2029,19.5852,35264.6129
V0511,Sur,8,5,13.4825,0,8,1,8.5827,1730,15.1392,27284.2357
V0512,Sur,4,4,7.5586,0,6,0,3.9281,1461,4.2633,7698.6387
V0513,Norte,5,3,3.4900,1,5,0,5.1447,1909,15.4200,27731.8876
V0514,Norte,9,4,2.8414,1,6,0,8.7954,1144,20.4996,36857.4961
V0515,Sur,8,2,2.2524,1,8,0,7.3602,1011,30.8813,55519.3383
V0516,Sur,5,5,22.7700,0,5,0,5.3397,1190,7.8145,13900.9915
V0517,Sur,9,5,14.0438,1,6,0,9.1897,2049,21.3184,38404.7258
V0518,Centro,5,4,15.5520,0,14,1,4.9496,1012,13.2002,23821.9064
V0519,Centro,4,3,17.3614,0,7,0,4.2273,1795,12.5898,22545.4881
V0520,Centro,5,4,22.4308,1,9,1,5.3093,1860,18.1754,32710.7832
V0521,Norte,10,5,23.9412,0,4,0,9.7655,1769,26.8612,48320.0358
V0522,Sur,4,5,6.6131,0,13,0,4.0771,1619,5.6540,10190.8948
V0523,Centro,5,6,5.6819,0,9,0,4.9643,1885,9.3765,16846.6409
V0524,Sur,10,6,13.9956,0,14,0,9.7487,1268,20.0580,36221.1501
V0525,Norte,5,5,9.0186,0,11,0,5.1487,1063,4.8257,8745.7173
V0526,Norte,7,3,9.7117,0,7,0,6.7051,1828,10.1388,18053.9307
V0527,Sur,7,2,7.8264,0,11,0,7.1877,1096,24.5632,44152.1181
V0528,Sur,8,6,7.0571,0,8,0,8.0486,1897,8.2558,14944.2714
V0529,Centro,7,3,22.9015,0,11,0,7.2977,1629,21.2718,38273.8519
V0530,Centro,5,6,18.7802,1,9,0,4.7755,1343,12.7231,22750.6680
V0531,Sur,7,4,8.6324,0,14,0,6.8947,1982,16.3898,29551.5420
V0532,Centro,8,3,14.5256,1,12,0,7.9954,1905,20.7183,37167.4814
V0533,Sur,4,6,5.4812,0,9,0,3.9083,2078,1.5084,2784.2969
V0534,Norte,7,4,2.7293,0,11,1,7.1386,2159,15.2044,27385.9755
V0535,Norte,6,2,22.7616,0,8,0,5.9963,1883,15.0379,26884.9504
V0536,Centro,7,5,17.4751,0,6,0,6.3729,1670,6.2186,11278.5036
V0537,Sur,4,4,15.0597,0,6,0,3.6830,2072,4.1330,7624.0220
V0538,Sur,1,6,23.0139,0,4,0,1.2577,1617,10.2361,18658.6123
V0539,Centro,8,6,7.1497,0,8,0,7.8433,1563,6.1818,11094.6837
V0540,Norte,6,5,3.8826,0,5,0,6.0580,1173,2.1236,3918.0046
V0541,Centro,5,6,11.3054,1,6,0,4.9410,1912,11.1633,20258.3342
V0542,Sur,4,2,18.7654,0,5,0,4.0758,1958,12.5455,22553.1573
V0543,Norte,7,3,9.8124,0,13,0,6.6431,2144,19.9501,35904.4365
V0544,Norte,3,6,9.5627,0,14,0,3.1882,1945,2.3937,4335.7895
V0545,Centro,11,4,8.9490,0,5,0,10.7811,2020,30.6911,55233.4962
V0546,Norte,6,3,11.2301,0,4,1,6.0630,2118,15.9826,28915.0415
V0547,Norte,9,3,8.0982,1,13,0,8.9696,1275,24.7225,44478.9756
V0548,Norte,7,6,13.2826,0,8,0,6.6633,1018,2.4439,4324.6987
V0549,Norte,7,4,9.8192,0,13,0,7.0967,2095,14.4322,26040.5227
V0550,Norte,8,2,18.3524,0,9,0,7.7685,1900,30.1661,54352.3948
V0551,Centro,3,5,4.5658,0,13,1,3.2541,1118,5.3719,9680.7243
V0552,Norte,12,3,9.3069,0,9,0,12.1577,1768,27.5462,49630.7819
V0553,Centro,3,4,20.7426,0,7,0,2.7339,1483,6.7094,12093.5326
V0554,Centro,3,2,6.0635,0,4,0,3.2654,1673,8.7023,15733.8180
V0555,Sur,7,4,5.7774,0,4,0,6.9383,1503,11.9045,21401.3344
V0556,Norte,10,6,7.3827,0,7,0,9.8463,2165,17.3707,31579.2704
V0557,Norte,9,3,21.4607,0,12,0,9.4457,2040,22.9253,41118.2393
V0558,Centro,2,4,16.9609,0,8,0,2.1978,1361,7.6147,13781.9362
V0559,Centro,9,2,8.7341,0,6,0,8.7491,1450,34.6485,62379.6358
V0560,Centro,4,3,14.1094,0,12,1,4.0559,1668,8.7605,15772.6684
V0561,Sur,3,4,6.4044,0,5,0,2.7162,1294,2.2515,4127.3203
V0562,Centro,5,5,23.5452,1,14,0,5.4187,2135,13.6507,24529.8439
V0563,Norte,4,2,11.2708,1,6,1,4.3161,1875,18.7491,33647.2133
V0564,Centro,5,6,4.6226,0,9,0,5.1827,1486,2.9379,5244.4559
V0565,Centro,6,4,7.6666,1,6,0,6.1486,1325,12.6175,22713.3222
V0566,Centro,4,2,23.4115,0,8,1,3.7644,1779,12.5104,22408.3202
V0567,Sur,5,4,8.9001,0,4,0,5.3033,1306,8.1203,14582.1850
V0568,Centro,3,4,23.0996,0,11,0,2.9572,1196,5.2689,9472.9603
V0569,Norte,5,4,20.6516,0,13,0,5.0112,1973,13.4131,24027.5047
V0570,Centro,10,4,17.6012,1,12,1,9.8467,1052,30.4019,54737.6681
V0571,Norte,4,6,5.9413,0,11,0,3.7978,1106,4.2522,7606.6099
V0572,Centro,3,2,14.5979,1,5,0,3.0900,1755,13.3292,23868.8155
V0573,Norte,7,5,20.0579,1,13,0,6.3451,1947,15.3580,27474.2838
V0574,Centro,4,4,15.5711,0,8,0,4.4045,1406,5.6647,10291.1200
V0575,Centro,9,5,8.3378,0,9,0,9.0345,1452,18.5165,33319.8727
V0576,Sur,8,5,15.8336,0,9,0,7.8777,1185,15.3579,27672.5697
V0577,Norte,8,5,10.6471,0,5,0,8.5182,1852,15.2975,27487.2998
V0578,Sur,6,2,14.8788,0,11,1,6.0319,1520,15.6338,28218.8266
V0579,Sur,2,6,11.2957,0,4,0,1.9951,1389,4.9503,8940.9232
V0580,Centro,9,5,19.7197,0,6,1,9.0399,1473,14.3284,25706.6725
V0581,Centro,9,4,11.8447,0,11,0,9.5848,1449,18.7856,33608.9065
V0582,Centro,5,5,5.7763,0,8,0,4.8852,1258,5.3098,9453.0545
V0583,Norte,5,2,15.3874,0,6,0,4.9619,1491,10.6338,19128.7254
V0584,Sur,7,5,17.9868,1,12,0,6.7292,1076,15.7227,28370.0781
V0585,Centro,5,3,13.8191,1,10,0,5.3945,1253,17.2711,31155.5794
V0586,Norte,6,5,21.0664,0,5,0,5.9674,1683,8.8364,15938.9131
V0587,Norte,6,3,8.9977,0,5,0,6.4899,1131,14.4686,26120.3721
V0588,Sur,10,5,12.6327,0,6,0,9.5718,1646,17.8979,32089.7649
V0589,Centro,9,4,3.6202,0,10,0,8.9307,1177,18.4856,33418.5876
V0590,Norte,4,6,9.3750,0,7,0,4.0941,1589,7.3519,13424.7666
V0591,Centro,4,4,21.1659,0,9,0,3.6458,1575,3.8973,7250.4940
V0592,Centro,2,5,18.7656,0,5,0,2.1086,1593,10.5227,18769.8974
V0593,Sur,7,4,23.1326,0,9,0,6.6105,2191,15.1501,27344.5066
V0594,Sur,7,5,6.9463,0,11,1,6.9424,1620,6.8447,12304.3898
V0595,Centro,6,2,21.6010,0,13,0,5.6083,1313,17.9649,32401.6887
V0596,Sur,6,6,23.6098,0,13,0,5.9424,1521,7.5589,13617.4291
V0597,Sur,5,2,19.5229,0,4,0,5.1004,1545,17.8832,32138.0764
V0598,Sur,3,4,11.7812,1,4,0,2.9043,1785,11.3495,20387.4013
V0599,Centro,10,6,6.7618,0,11,0,9.3032,1459,14.2084,25639.6694
V0600,Sur,10,2,17.5771,0,4,0,10.3626,1009,33.8169,60877.5956
V0601,Centro,3,4,15.2333,1,5,0,2.9802,2070,9.6523,17415.6339
V0602,Sur,8,3,6.0473,0,8,0,8.2122,1178,21.8386,39326.4629
V0603,Centro,6,3,18.2976,0,7,0,6.4879,1602,12.6219,22601.5273
V0604,Centro,3,6,11.0338,0,10,0,2.8015,1284,2.5242,4616.8237
V0605,Sur,2,6,19.1926,0,12,0,1.7562,1506,5.7283,10380.3516
V0606,Norte,7,2,3.6918,0,6,0,7.4030,1707,25.1018,45214.6569
V0607,Sur,7,6,21.5602,0,6,0,7.1245,1237,10.5194,18982.7163
V0608,Sur,9,2,14.1224,0,5,0,9.4221,1368,34.9954,63273.4427
V0609,Norte,4,4,17.5259,0,9,0,3.4844,1078,8.0005,14468.0728
V0610,Norte,5,4,6.7503,0,12,0,4.7708,1530,6.0533,10960.6059
V0611,Sur,5,2,16.0080,0,12,0,4.9976,1878,13.8803,25127.3290
V0612,Norte,2,2,5.4266,0,12,0,1.4105,1067,4.7132,8513.3160
V0613,Norte,8,2,2.6922,0,7,0,7.7858,1868,25.7814,46415.9255
V0614,Norte,6,4,17.8844,0,9,0,6.1167,1233,11.6092,20948.0565
V0615,Norte,7,3,11.6700,0,13,0,7.0035,1065,17.9731,32428.2888
V0616,Norte,11,4,12.7030,0,9,0,11.6360,1689,24.3288,43877.2925
V0617,Norte,1,6,23.7626,0,5,0,1.0995,2025,8.9850,16079.3138
V0618,Norte,5,2,9.8000,0,14,0,5.0952,1972,10.6696,19358.1151
V0619,Centro,3,3,19.6986,1,4,0,3.4574,1964,13.3385,24035.8877
V0620,Sur,9,3,11.4663,1,13,1,9.4982,2147,26.8240,48286.4968
V0621,Centro,4,4,11.5230,0,6,1,4.3773,1718,6.0869,10890.1499
V0622,Norte,7,6,3.0737,0,4,0,6.7433,1687,7.8822,14122.9709
V0623,Norte,9,4,18.6243,0,4,0,9.2742,1686,16.0960,28860.5489
V0624,Norte,6,5,13.9220,0,8,0,5.3757,1180,8.2624,14830.2598
V0625,Sur,4,6,10.0085,0,9,0,3.7830,2188,6.0246,10784.9841
V0626,Centro,6,6,22.9162,0,4,0,5.5962,1393,8.5177,15576.0091
V0627,Norte,9,5,14.7396,1,8,0,8.6597,1332,23.5839,42452.2964
V0628,Norte,3,2,8.8952,0,13,1,2.8640,1691,9.2192,16527.7108
V0629,Centro,5,5,12.1211,0,4,1,5.0781,1024,9.3652,16819.2543
V0630,Sur,5,6,8.3667,0,8,0,5.1167,1345,5.3304,9678.1992
V0631,Sur,8,3,16.6154,0,4,0,8.0314,2148,21.5041,38712.0326
V0632,Norte,8,4,22.0326,1,11,0,7.7944,1426,22.1943,40026.4551
V0633,Sur,9,5,4.3743,1,10,1,9.1562,1547,21.8159,39290.4507
V0634,Norte,8,2,23.5339,0,13,0,7.8921,1116,30.9724,55763.1685
V0635,Norte,8,3,17.5019,1,8,0,8.0484,1946,25.1910,45496.8086
V0636,Norte,5,4,6.8032,0,12,0,4.7119,1896,4.7312,8609.2263
V0637,Centro,5,4,12.8844,1,11,0,4.4331,2057,14.2381,25647.7236
V0638,Centro,6,2,9.9620,0,14,0,5.9570,1444,17.6062,31797.3453
V0639,Norte,6,3,21.5011,0,7,0,5.9794,1690,13.9080,24969.4370
V0640,Centro,3,3,15.9995,0,8,0,2.9089,2034,8.0133,14282.8921
V0641,Norte,5,3,20.0773,0,5,1,4.9508,2102,12.0921,21889.8072
V0642,Sur,9,2,15.7319,0,8,1,9.3142,2133,31.9135,57605.6248
V0643,Norte,4,6,8.9145,0,4,0,3.7498,1571,3.4310,6261.8599
V0644,Centro,3,4,2.4016,0,6,0,3.2258,1534,4.4402,7922.7279
V0645,Centro,4,5,21.1269,0,5,0,3.7588,1370,8.4200,15141.3539
V0646,Sur,8,3,5.9410,0,12,0,8.0637,1367,22.8520,41136.3662
V0647,Norte,6,5,10.3624,0,7,0,6.1570,1490,6.8574,12425.6829
V0648,Norte,10,4,3.2364,0,11,0,9.9742,1715,21.9161,39388.6318
V0649,Centro,9,3,10.2649,0,6,1,8.7823,1259,21.3411,38397.3396
V0650,Norte,5,3,19.2265,0,12,0,4.7070,2100,13.3596,23997.0786
V0651,Norte,4,3,14.7055,0,4,0,4.1783,1794,9.3974,16936.3546
V0652,Norte,8,4,9.5868,0,7,1,7.9081,1856,18.3026,32976.9519
V0653,Sur,2,6,6.4562,0,6,1,1.9607,1874,6.1390,10965.8306
V0654,Norte,5,3,5.5743,0,9,0,4.8969,1060,9.9764,17905.9844
V0655,Centro,6,5,17.9440,0,11,0,5.8673,1567,10.9958,19843.4604
V0656,Norte,7,3,8.2884,1,11,1,6.5135,1181,21.2847,38307.2958
V0657,Norte,4,6,23.7641,1,4,0,3.9639,1465,12.5775,22684.9141
V0658,Sur,7,5,2.9675,1,7,0,7.3784,1042,15.9065,28676.1546
V0659,Centro,4,2,9.1956,0,5,0,3.5425,1961,10.8698,19750.0441
V0660,Norte,5,5,5.8468,1,7,0,5.3774,1206,10.3933,18764.5492
V0661,Centro,4,3,5.0772,1,5,0,3.6963,2037,16.0174,28937.9267
V0662,Centro,7,2,10.3627,0,14,0,7.2756,1132,24.9473,44840.7203
V0663,Norte,2,5,15.5471,0,4,1,1.9858,1892,6.9028,12414.5909
V0664,Norte,8,6,11.2438,0,9,0,8.1368,2068,12.3646,22326.8615
V0665,Sur,6,5,3.0065,0,13,0,6.1783,1979,5.0572,8947.8999
V0666,Norte,4,2,7.8268,0,9,0,4.0693,1270,9.0292,16125.0007
V0667,Centro,3,2,17.4523,0,10,1,3.0325,2010,7.1954,12918.2285
V0668,Centro,10,5,19.3777,0,5,0,9.6022,1048,24.7407,44481.4415
V0669,Norte,4,5,23.1025,0,14,0,4.2142,1732,7.4973,13402.8425
V0670,Sur,4,5,13.9663,0,4,0,4.2400,1014,8.2846,14680.6084
V0671,Centro,10,2,18.1918,1,12,0,9.5853,1425,37.7846,68015.0172
V0672,Norte,10,5,15.1081,1,10,0,9.9688,2163,31.3527,56493.0376
V0673,Sur,6,6,4.0367,1,13,0,5.6663,1665,8.5828,15549.7676
V0674,Centro,7,5,16.0691,0,12,0,6.6255,1279,17.5140,31593.6076
V0675,Norte,7,5,12.1480,0,13,0,7.5041,1477,14.6685,26555.9711
V0676,Sur,6,3,14.6853,0,9,0,5.9443,1266,12.5307,22521.7982
V0677,Sur,8,5,18.9614,0,9,0,7.7368,1729,13.3767,23953.6935
V0678,Centro,7,4,23.8787,0,4,0,6.8493,1117,19.1288,34445.2783
V0679,Centro,7,5,12.8427,0,5,1,7.1875,1319,12.7416,22902.0219
V0680,Norte,5,5,20.1775,1,7,0,4.8968,1846,13.6826,24583.4800
V0681,Norte,10,4,14.6542,0,10,0,9.9410,2136,20.4806,36813.7892
V0682,Sur,2,5,8.1525,0,8,0,1.9523,2115,3.8117,6791.1155
V0683,Norte,7,4,16.8968,0,6,1,7.0465,1374,13.4981,24385.7706
V0684,Sur,2,3,20.7199,0,4,0,1.9346,1046,10.7194,19135.7046
V0685,Centro,4,3,3.5056,0,4,0,3.7514,1299,7.5439,13500.0068
V0686,Centro,2,3,3.4050,1,4,0,1.9974,1963,10.6129,19107.1384
V0687,Centro,6,4,15.4759,1,9,1,6.0522,1031,18.7825,33698.4684
V0688,Sur,13,4,4.4011,0,13,0,13.3612,1817,28.7107,51619.6383
V0689,Centro,4,3,11.8030,1,12,0,3.7736,1269,14.7545,26284.8027
V0690,Norte,5,2,19.3857,1,7,0,4.4895,2125,16.7281,30119.0208
V0691,Centro,1,3,21.8833,0,7,0,0.6249,1807,6.2277,11366.1285
V0692,Sur,5,3,3.8396,1,6,1,4.9914,1560,14.0707,25424.9254
V0693,Sur,5,4,20.7659,0,9,0,4.4257,1129,9.5281,17111.1171
V0694,Sur,5,4,17.5527,0,8,0,4.9272,1073,9.9386,17915.8542
V0695,Sur,4,5,7.3284,1,10,0,4.1737,1616,9.0377,16343.8190
V0696,Norte,7,3,9.7155,0,11,0,6.9317,2183,13.9342,25109.7532
V0697,Sur,1,2,2.2122,0,11,0,0.8129,1109,4.6002,8326.0052
V0698,Sur,4,5,10.5400,0,9,0,4.0590,1838,1.7041,3147.4068
V0699,Centro,3,4,9.0299,0,11,0,3.1922,1774,3.7866,6967.5349
V0700,Centro,11,6,19.7439,0,10,0,10.7945,1498,21.2099,38229.8902
V0701,Centro,6,2,20.0750,1,7,0,6.0080,2181,23.0405,41698.6168
V0702,Sur,7,5,23.7431,1,12,0,7.2469,1514,18.9875,34331.7120
V0703,Centro,4,6,3.5155,0,6,0,4.4605,1558,3.7358,6878.5653
V0704,Norte,7,2,21.1168,0,14,0,7.0052,1628,29.0372,52212.6376
V0705,Norte,4,4,16.8397,0,4,1,3.8875,1821,8.0040,14264.4169
V0706,Centro,8,2,12.9263,1,13,0,8.0569,1944,32.7683,58943.0581
V0707,Centro,10,6,21.7863,0,10,0,10.1352,1879,19.1476,34438.0133
V0708,Centro,3,4,22.0580,0,8,0,3.3456,1415,9.2081,16486.7777
V0709,Norte,2,4,12.1751,0,14,1,2.1788,1054,6.8400,12458.6988
V0710,Centro,4,5,10.5475,0,6,0,4.0420,2154,9.4197,16910.9601
V0711,Sur,11,4,8.5506,0,14,0,11.1717,1047,24.7553,44418.8807
V0712,Sur,6,6,9.5966,0,13,0,5.9559,1697,4.6934,8437.8304
V0713,Norte,7,5,21.3383,0,13,0,7.4029,1112,15.6918,28145.4705
V0714,Sur,3,6,15.9828,1,6,0,3.3866,2178,12.2485,21934.5859
V0715,Norte,3,3,17.4240,0,7,0,2.4913,1815,7.1706,13084.1777
V0716,Centro,10,2,12.1880,0,6,0,9.7120,1969,31.8662,57191.5190
V0717,Sur,5,5,9.0191,0,14,1,4.8159,1358,4.3111,7693.0883
V0718,Sur,4,4,10.2279,0,11,0,4.2540,2024,2.3404,4060.7175
V0719,Sur,4,2,18.5909,0,8,0,4.1925,1293,11.9798,21611.6317
V0720,Norte,9,4,6.0600,0,11,0,8.8448,2012,20.5282,36904.8742
V0721,Centro,6,3,20.0615,0,9,0,6.3836,1356,14.3990,25784.4549
V0722,Centro,2,5,21.3410,0,6,0,1.7284,1194,8.4084,15039.8366
V0723,Norte,6,4,12.0734,0,9,0,5.9115,1633,8.0870,14642.4840
V0724,Centro,5,3,10.3910,0,14,0,5.0378,2051,12.0019,21602.8518
V0725,Sur,12,6,4.1043,0,11,0,11.8485,1261,20.2136,36572.7250
V0726,Centro,7,2,18.4372,0,11,0,7.3038,1492,27.0451,48669.0960
V0727,Sur,10,4,10.9088,0,14,0,9.9449,1002,22.0354,39577.3168
V0728,Centro,6,6,13.3174,0,11,0,5.8616,1156,5.9380,10691.7929
V0729,Centro,3,6,4.0335,1,9,1,2.7651,2150,9.3705,16739.4225
V0730,Norte,6,3,17.1024,0,9,0,6.3391,2067,12.3074,22250.2960
V0731,Centro,5,6,7.9931,0,4,1,4.5151,1126,7.1629,13158.3508
V0732,Norte,8,5,17.2052,0,8,0,8.0690,2004,12.1384,21928.2921
V0733,Sur,4,2,13.9728,1,6,0,3.8943,1916,16.6250,29923.1654
V0734,Centro,5,5,5.8538,1,10,0,5.3529,1568,6.7920,12215.9471
V0735,Sur,11,5,19.2958,0,12,0,10.9318,1502,21.5669,38909.9715
V0736,Centro,10,4,20.4007,0,9,0,9.6719,2074,24.7161,44308.0777
V0737,Norte,7,3,9.2767,0,14,0,7.4252,1248,14.6991,26374.4285
V0738,Norte,4,4,14.4270,0,8,0,4.2837,1770,5.4972,10028.4110
V0739,Sur,5,5,9.2026,0,12,0,5.2225,1635,3.9185,6930.8183
V0740,Centro,5,3,2.4627,1,13,1,5.1968,1680,16.6009,29808.5288
V0741,Norte,6,5,17.3427,0,8,0,6.1149,1291,9.0439,16232.1706
V0742,Norte,6,3,8.1900,0,12,0,6.3776,1038,12.2810,22025.4698
V0743,Sur,9,2,12.2399,0,9,0,8.3118,1428,32.9516,59292.0226
V0744,Norte,5,4,23.3050,0,6,1,5.5044,1898,9.5353,17137.0413
V0745,Norte,7,4,14.9013,0,12,0,7.4256,1853,13.7930,25078.9314
V0746,Sur,5,4,6.1309,1,12,0,5.1328,2106,12.8891,23266.9593
V0747,Norte,10,6,16.7049,1,13,0,10.1928,1588,21.2535,38319.9903
V0748,Centro,6,2,15.5176,0,4,0,6.1102,1658,19.8091,35546.6185
V0749,Centro,4,3,6.0363,0,10,0,3.5126,1301,9.4483,17029.3343
V0750,Centro,2,2,5.4196,0,13,0,2.3207,1891,5.8739,10416.7010
V0751,Sur,6,3,4.4969,0,12,0,5.9335,1841,14.9921,27015.9388
V0752,Norte,8,5,13.2556,0,7,0,7.7313,1674,12.3012,22182.6276
V0753,Centro,4,4,15.4665,0,10,0,4.5251,2187,7.8692,14304.8793
V0754,Norte,5,2,2.6798,1,14,0,4.9864,2090,17.6285,31636.9595
V0755,Centro,8,4,2.3393,1,13,0,8.0320,1091,19.1631,34446.7676
V0756,Centro,6,5,17.5262,0,12,0,5.6963,1523,9.6748,17484.2454
V0757,Centro,4,3,2.1452,1,13,0,3.9351,2080,14.6646,26390.9832
V0758,Sur,6,3,13.2286,0,10,0,6.1122,1930,14.5493,26110.8997
V0759,Norte,5,6,7.3822,0,8,0,5.0248,1954,5.7141,10315.9810
V0760,Sur,7,3,23.9299,0,8,0,6.4447,2179,19.8744,35862.2388
V0761,Norte,5,4,10.0865,0,9,0,4.5585,1700,7.2196,13024.9472
V0762,Centro,5,6,7.3220,1,12,1,5.3505,1570,12.4154,22408.3727
V0763,Centro,3,4,23.4960,0,7,0,2.9600,1064,6.3368,11344.6494
V0764,Centro,7,4,9.9823,1,9,0,6.6239,1188,20.7741,37506.3490
V0765,Centro,8,6,8.5594,0,11,0,7.7863,1006,5.9366,10652.2874
V0766,Norte,6,5,3.8831,0,5,0,6.0410,1789,8.5109,15215.4988
V0767,Sur,5,5,6.9200,1,11,0,5.4551,1409,8.3922,15094.5477
V0768,Sur,4,4,5.3080,0,7,0,4.3655,1630,4.4263,7888.4619
V0769,Norte,2,3,15.3530,0,7,1,2.0636,1215,9.6484,17246.8417
V0770,Centro,4,4,19.6492,0,13,0,4.5285,1759,10.4318,18690.8240
V0771,Centro,4,6,10.9903,1,13,0,4.3367,1643,10.0480,18243.3837
V0772,Norte,4,2,3.0971,0,10,0,4.0367,2002,10.7542,19582.7721
V0773,Sur,8,3,22.8271,1,7,0,7.8369,1548,21.2870,38278.2299
V0774,Sur,4,4,19.9912,1,8,0,3.3367,1240,11.8254,21387.0152
V0775,Sur,4,2,8.3009,0,4,0,4.3985,2046,12.5325,22642.9247
V0776,Centro,6,4,12.0376,0,8,1,6.3615,2082,13.2468,23743.3030
V0777,Centro,7,2,22.4826,0,14,0,6.9037,2131,25.7109,46506.6493
V0778,Centro,4,5,4.7156,0,7,0,4.1695,1209,2.7923,5071.1928
V0779,Sur,6,5,11.4803,0,5,0,6.3251,1440,10.4445,18739.3247
V0780,Norte,6,5,19.6268,0,9,0,5.7873,1249,12.5068,22476.9524
V0781,Norte,2,5,18.5071,0,11,0,2.2549,1453,5.9156,10547.8489
V0782,Centro,3,6,9.0885,0,9,0,2.8188,1016,3.3047,6055.7112
V0783,Sur,4,4,13.5909,1,13,0,4.0729,1527,12.1076,21817.6985
V0784,Centro,7,4,6.5621,0,14,0,6.9142,1302,13.8119,24695.6544
V0785,Sur,7,3,13.5927,0,14,0,6.9546,1554,24.2527,43689.9513
V0786,Sur,6,4,22.2735,1,4,0,5.7680,2006,17.3859,31285.6034
V0787,Centro,9,3,5.1245,1,7,0,8.6915,1782,28.8241,51889.4887
V0788,Sur,11,5,6.3149,1,6,0,11.7985,1147,25.3499,45530.2789
V0789,Norte,0,3,9.2637,0,4,0,0.5579,1827,4.4508,8050.2604
V0790,Norte,5,6,7.6654,0,4,0,5.1566,1460,6.7826,12285.2433
V0791,Norte,13,6,16.3187,0,10,0,12.9491,1057,25.4369,45998.0706
V0792,Norte,5,4,17.5640,0,9,1,5.0868,1997,7.7262,13894.4516
V0793,Sur,7,4,5.8241,0,10,0,6.8891,1607,10.2927,18351.5913
V0794,Centro,6,4,5.6861,0,13,0,5.9317,1068,10.8083,19294.6182
V0795,Centro,9,2,8.3148,0,6,1,8.9171,1913,27.6882,50009.4609
V0796,Norte,12,4,15.4511,0,10,0,12.0032,2045,24.1467,43516.9780
V0797,Centro,8,5,4.0032,0,9,0,7.7315,1017,9.0102,16258.6300
V0798,Centro,4,6,22.4050,0,10,0,3.8033,1822,7.0387,12702.7117
V0799,Norte,5,5,17.9672,0,12,0,4.5711,1553,8.2179,14778.6049
V0800,Centro,2,6,12.5943,0,7,1,2.0699,1151,5.5907,9927.5503
V0801,Sur,5,5,11.7076,0,9,1,4.7629,1793,5.8155,10542.7210
V0802,Centro,11,5,16.9301,0,14,0,10.7966,1148,24.7605,44432.5564
V0803,Centro,6,3,16.4714,1,13,0,6.0059,1634,20.9803,37481.0838
V0804,Centro,6,5,4.8010,0,6,0,6.2201,2176,11.7397,21168.2557
V0805,Sur,7,4,22.6253,0,13,0,6.7566,1469,18.7685,33835.4828
V0806,Norte,4,6,11.2684,0,5,0,3.7653,2093,6.9226,12597.5918
V0807,Norte,5,4,9.9852,0,7,0,4.7262,1902,4.1471,7522.7886
V0808,Centro,7,6,2.6053,0,12,0,6.9104,1097,8.5610,15418.1141
V0809,Norte,6,3,21.2992,1,6,0,6.7174,1750,19.4193,34949.8920
V0810,Centro,6,5,16.6109,1,4,0,6.0755,1149,18.6909,33489.7984
V0811,Sur,7,2,21.7760,0,14,0,7.2132,1000,27.9095,50223.1780
V0812,Sur,2,2,7.0018,0,14,0,1.7846,1079,7.5497,13635.1895
V0813,Norte,5,6,20.6831,0,9,1,5.0937,1932,4.6712,8451.3175
V0814,Sur,9,3,9.9750,0,11,0,8.4204,1421,21.2905,38478.9630
V0815,Sur,4,5,23.6520,0,10,0,3.7488,1934,7.6822,13773.4838
V0816,Norte,6,6,19.9991,0,11,1,6.0693,1446,2.7011,4754.8811
V0817,Centro,5,4,14.5045,0,14,0,5.2211,1337,11.0093,19748.6447
V0818,Centro,3,6,13.3021,0,12,0,3.2443,2019,7.1165,12869.9508
V0819,Norte,0,3,21.8293,0,8,1,0.7457,1300,6.0427,10822.0662
V0820,Norte,7,4,21.3442,0,12,1,6.5783,1999,15.3591,27628.3980
V0821,Norte,7,4,12.7084,0,14,1,7.4641,1236,16.4284,29590.5459
V0822,Sur,7,4,8.8350,0,14,0,7.4863,1211,13.5347,24488.4522
V0823,Centro,6,6,9.9189,0,4,0,6.0544,1436,9.1502,16453.9820
V0824,Sur,4,3,11.2937,1,8,0,4.3852,1524,10.3424,18752.2995
V0825,Centro,6,3,9.9156,1,14,0,5.8615,1648,24.4156,43976.0188
V0826,Centro,6,6,19.2749,0,6,0,6.4474,1540,10.6807,19180.5080
V0827,Norte,3,4,16.7908,1,9,0,3.1773,1679,9.1281,16506.7375
V0828,Norte,4,2,14.0891,0,14,1,3.8441,2011,12.1753,21911.5659
V0829,Centro,10,2,15.0417,0,7,0,9.9406,1214,32.2953,57948.8120
V0830,Centro,7,2,20.2858,0,14,0,6.9329,1090,27.9682,50339.1777
V0831,Sur,5,6,13.9637,0,8,0,4.9539,1308,0.7303,1225.8938
V0832,Centro,11,2,10.5292,1,6,0,10.7008,1036,46.8043,84263.5350
V0833,Sur,5,2,5.4114,0,12,0,5.2108,1049,13.0394,23432.3644
V0834,Norte,5,2,15.1592,0,9,0,4.7173,1256,11.2853,20272.8294
V0835,Centro,4,3,17.2864,0,11,0,3.8642,1797,6.5903,11873.7031
V0836,Centro,5,6,21.7591,0,4,1,4.8747,1919,10.1509,18106.2867
V0837,Centro,6,3,10.8308,0,11,0,6.1372,1462,14.8796,26747.3507
V0838,Centro,3,4,10.4250,0,9,0,2.8516,1760,5.4413,9602.1634
V0839,Centro,2,6,18.8879,1,5,0,1.7911,1435,13.3579,23858.8251
V0840,Sur,4,2,21.4512,0,14,0,4.0578,2158,14.4335,26079.6053
V0841,Sur,5,2,13.8662,0,6,0,4.9085,2169,15.1968,27470.1526
V0842,Norte,4,3,3.6188,0,7,0,4.1138,1003,6.8810,12394.8244
V0843,Norte,5,6,9.2774,0,9,1,5.2229,2153,3.8357,6923.9116
V0844,Sur,5,5,6.5195,0,8,0,5.3380,1238,4.5113,8039.5565
V0845,Centro,2,3,13.5184,0,13,0,1.6352,1371,3.8123,7023.4429
V0846,Sur,6,4,20.6067,0,6,1,6.1162,2021,13.0050,23510.3025
V0847,Centro,6,3,13.7587,1,6,0,5.9037,2171,18.8546,34047.2170
V0848,Centro,7,5,13.1148,1,4,0,7.2044,1781,18.4102,33163.8647
V0849,Norte,4,3,18.4318,0,6,0,4.0716,2062,10.6118,19059.9988
V0850,Centro,10,6,9.8685,0,9,0,10.0062,1836,17.0200,30472.7771
V0851,Centro,6,5,21.1594,0,8,0,6.2836,1286,10.5937,19127.9798
V0852,Norte,9,6,15.0527,1,14,0,9.0148,1594,19.4684,35156.4533
V0853,Norte,6,2,8.1522,1,4,0,5.8114,1788,24.5120,44077.2490
V0854,Norte,7,5,8.1016,0,14,1,7.0422,1179,10.7811,19416.9691
V0855,Norte,5,5,9.1938,0,5,1,5.4037,1866,3.0747,5471.8415
V0856,Norte,7,2,6.9313,0,9,0,7.6233,1070,26.2277,47122.1440
V0857,Norte,11,6,23.2600,0,13,0,10.9207,1388,24.1344,43419.8729
V0858,Sur,10,6,21.4090,0,5,0,9.7284,1657,18.4134,33142.2740
V0859,Sur,6,4,4.1518,0,5,0,6.1105,1385,9.8913,17820.8469
V0860,Norte,9,3,9.2470,0,12,0,9.6784,2097,23.8311,42860.8214
V0861,Norte,6,2,14.6602,0,11,0,5.8132,1197,16.8345,30195.2496
V0862,Sur,5,5,13.2345,0,12,0,4.9784,1576,8.4868,15416.0936
V0863,Sur,2,3,21.8027,0,12,0,1.8648,1651,7.8169,13936.5723
V0864,Sur,4,6,18.1697,1,13,0,3.5377,1329,16.0827,28998.9487
V0865,Norte,8,2,5.4082,0,4,0,8.8206,1262,26.7340,48019.7089
V0866,Norte,5,6,4.5698,0,12,0,4.9547,1217,5.1706,9087.9237
V0867,Centro,7,6,7.7340,0,7,0,6.9520,2098,5.1923,9370.3102
V0868,Sur,8,4,9.5660,0,10,0,8.1149,1210,18.5557,33162.9748
V0869,Norte,8,3,17.0537,0,8,0,8.4529,1110,19.2833,34704.7301
V0870,Norte,7,3,5.3580,0,6,0,6.9202,2026,13.9262,24923.8370
V0871,Sur,8,6,22.8270,1,10,0,8.5818,2190,17.7405,32043.7490
V0872,Sur,7,6,21.9167,0,13,0,6.6815,1539,9.6140,17394.8907
V0873,Norte,7,6,4.9746,1,8,0,7.1162,1803,10.0163,17947.5363
V0874,Norte,6,6,22.4867,1,14,0,5.8997,1408,15.3620,27679.3664
V0875,Centro,9,4,17.6937,0,12,1,9.1396,1926,16.6927,30060.8954
V0876,Centro,6,5,3.1526,1,9,0,6.0858,1037,13.9297,24955.6517
V0877,Norte,1,3,21.3199,0,12,0,1.2075,1924,10.0911,18147.4231
V0878,Norte,4,4,15.6158,0,4,0,3.9747,2091,11.5394,20886.7179
V0879,Sur,5,5,3.4276,0,10,0,5.0172,1699,6.4241,11606.5134
V0880,Centro,10,4,20.3170,0,4,0,10.0553,1921,26.1545,47127.6422
V0881,Sur,4,3,14.7633,0,10,1,4.6370,1834,9.4242,16886.6703
V0882,Centro,6,6,6.0677,0,4,0,6.3217,1984,9.7517,17706.1431
V0883,Norte,6,3,22.5829,0,8,1,5.8845,1322,18.1254,32537.5827
V0884,Centro,8,4,3.5453,0,4,0,8.0720,1366,16.7475,30049.9635
V0885,Sur,4,4,18.8254,1,5,0,4.2909,1235,13.5565,24356.9882
V0886,Norte,6,5,6.4550,0,9,1,6.3780,1232,8.6920,15920.1435
V0887,Sur,6,6,12.4661,1,14,0,5.7664,1454,7.3482,13503.2683
V0888,Centro,8,2,22.2140,0,12,0,8.0611,1035,32.5587,58568.9417
V0889,Norte,6,2,14.9956,0,5,0,6.0927,1693,15.8983,28702.5250
V0890,Norte,10,4,16.3938,0,14,1,10.1350,1761,28.8334,52021.2429
V0891,Centro,6,3,11.2707,0,8,0,5.5780,1497,18.1360,32459.4433
V0892,Centro,8,3,12.4691,1,13,0,7.7329,1949,25.8785,46711.6251
V0893,Centro,5,4,14.7832,0,7,0,5.0453,1058,8.4920,15393.2684
V0894,Centro,5,5,7.2099,0,10,0,4.6759,1041,4.5566,8235.3291
V0895,Sur,5,2,23.7135,0,6,0,5.4026,1331,15.7206,28218.2161
V0896,Centro,5,3,17.4536,0,7,0,5.0283,1255,9.0532,16464.1544
V0897,Centro,6,2,10.7009,0,6,0,5.7978,1544,14.2507,25789.4992
V0898,Sur,0,6,3.4815,1,14,0,-0.2425,2005,10.7850,19399.9299
V0899,Norte,3,5,19.4454,1,13,0,2.6302,1355,13.8969,24962.6184
V0900,Sur,9,6,3.4286,0,13,0,8.5786,1850,9.3260,16645.9825
